"","enriched_in","Category","Term_accession","Term_description","Count_query","Pop_query","Count_universe","Pop_universe","%_query","%_universe","pval","adjpval","fold_change","Proteins_in_query"
"2332","statistics$`Cela1_vs_WT_Ttest_p`<0.05 & statistics$`log(Cela1/WT)`<1","GO_BP","140242","translation at postsynapse ",14,153,45,3024,8.49673202614379,1.48809523809524,2.16714374111811e-06,0.0010348111363839,5.70980392156863,"P12970;P14148;P47911;P61358;P62751;Q9D8E6;P47963;P47964;P62855;P97461;P99027;Q6ZWV7;Q9CR57;Q9CZM2"
"2342","statistics$`Cela1_vs_WT_Ttest_p`<0.05 & statistics$`log(Cela1/WT)`<1","GO_BP","140236","translation at presynapse ",14,153,45,3024,8.49673202614379,1.48809523809524,2.16714374111811e-06,0.0010348111363839,5.70980392156863,"P12970;P14148;P47911;P61358;P62751;Q9D8E6;P47963;P47964;P62855;P97461;P99027;Q6ZWV7;Q9CR57;Q9CZM2"
"270","statistics$`Cela1_vs_WT_Ttest_p`<0.05","GO_BP","140242","translation at postsynapse ",14,158,45,3024,8.22784810126582,1.48809523809524,3.07287337409409e-06,0.00151953588348953,5.52911392405063,"P12970;P14148;P47911;P61358;P62751;Q9D8E6;P47963;P47964;P62855;P97461;P99027;Q6ZWV7;Q9CR57;Q9CZM2"
"271","statistics$`Cela1_vs_WT_Ttest_p`<0.05","GO_BP","140236","translation at presynapse ",14,158,45,3024,8.22784810126582,1.48809523809524,3.07287337409409e-06,0.00151953588348953,5.52911392405063,"P12970;P14148;P47911;P61358;P62751;Q9D8E6;P47963;P47964;P62855;P97461;P99027;Q6ZWV7;Q9CR57;Q9CZM2"
"4830","statistics$`Cela1_vs_DKO_Ttest_p`<0.05 & statistics$`log(Cela1/DKO)`>1","GO_BP","1900004","negative regulation of serine-type endopeptidase activity ",3,7,4,3024,28.5714285714286,0.132275132275132,6.82965709311952e-05,0.00188953846242974,216,"P07758;P22599;Q00897"
"5030","statistics$`Cela1_vs_DKO_Ttest_p`<0.05 & statistics$`log(Cela1/DKO)`>1","GO_BP","46687","response to chromate ",3,7,4,3024,28.5714285714286,0.132275132275132,6.82965709311952e-05,0.00188953846242974,216,"P07758;P22599;Q00897"
"5330","statistics$`Cela1_vs_DKO_Ttest_p`<0.05 & statistics$`log(Cela1/DKO)`>1","GO_BP","33986","response to methanol ",3,7,4,3024,28.5714285714286,0.132275132275132,6.82965709311952e-05,0.00188953846242974,216,"P07758;P22599;Q00897"
"2314","statistics$`Cela1_vs_WT_Ttest_p`<0.05 & statistics$`log(Cela1/WT)`<1","GO_BP","2181","cytoplasmic translation ",15,153,77,3024,9.15032679738562,2.5462962962963,8.46727771036929e-05,0.0269541673780089,3.59358288770053,"P12970;P14148;P14869;P47911;P61358;P62751;Q9D8E6;P47963;P47964;P62855;P97461;P99027;Q6ZWV7;Q9CR57;Q9CZM2"
"268","statistics$`Cela1_vs_WT_Ttest_p`<0.05","GO_BP","2181","cytoplasmic translation ",15,158,77,3024,8.86075949367089,2.5462962962963,0.000118472953974907,0.0390565838270609,3.47986191024166,"P12970;P14148;P14869;P47911;P61358;P62751;Q9D8E6;P47963;P47964;P62855;P97461;P99027;Q6ZWV7;Q9CR57;Q9CZM2"
"5230","statistics$`Cela1_vs_DKO_Ttest_p`<0.05 & statistics$`log(Cela1/DKO)`>1","GO_BP","10288","response to lead ion ",3,7,12,3024,28.5714285714286,0.396825396825397,0.000410695878632455,0.00852193948162345,72,"P07758;P22599;Q00897"
"3903","statistics$`AAT_vs_WT_Ttest_p`<0.05 & statistics$`log(AAT/WT)`<1","GO_BP","6334","nucleosome assembly ",8,180,25,3024,3.88888888888889,0.826719576719577,0.001595090726436,1,4.704,"P10853;P15864;P43275;P62806;P68433;P84228;Q3TEA8;Q8CCK0"
"4730","statistics$`Cela1_vs_DKO_Ttest_p`<0.05 & statistics$`log(Cela1/DKO)`>1","GO_BP","10951","negative regulation of endopeptidase activity ",3,7,26,3024,28.5714285714286,0.85978835978836,0.0016798191089247,0.0213696423845501,33.2307692307692,"P07758;P22599;Q00897"
"5140","statistics$`Cela1_vs_DKO_Ttest_p`<0.05 & statistics$`log(Cela1/DKO)`>1","GO_BP","34097","response to cytokine ",3,7,27,3024,28.5714285714286,0.892857142857143,0.00180225899628736,0.0213696423845501,32,"P07758;P22599;Q00897"
"5430","statistics$`Cela1_vs_DKO_Ttest_p`<0.05 & statistics$`log(Cela1/DKO)`>1","GO_BP","43434","response to peptide hormone ",3,7,27,3024,28.5714285714286,0.892857142857143,0.00180225899628736,0.0213696423845501,32,"P07758;P22599;Q00897"
"3902","statistics$`AAT_vs_WT_Ttest_p`<0.05","GO_BP","6334","nucleosome assembly ",8,189,25,3024,3.7037037037037,0.826719576719577,0.00208474291117811,1,4.48,"P10853;P15864;P43275;P62806;P68433;P84228;Q3TEA8;Q8CCK0"
"5780","statistics$`AAT_vs_Cela1_Ttest_p`<0.05 & statistics$`log(AAT/Cela1)`<1","GO_BP","43410","positive regulation of MAPK cascade ",6,88,40,3024,5.68181818181818,1.32275132275132,0.00808298907582237,1,4.29545454545454,"O55222;O88653;P01872;P08228;Q61207;Q9CQ22"
"3993","statistics$`AAT_vs_WT_Ttest_p`<0.05 & statistics$`log(AAT/WT)`<1","GO_BP","140242","translation at postsynapse ",9,180,45,3024,4.44444444444444,1.48809523809524,0.00853168537436834,1,2.98666666666667,"P12970;P41105;P61358;P62983;Q6ZWU9;Q9D8E6;P47963;Q6ZWV7;Q9CR57"
"4003","statistics$`AAT_vs_WT_Ttest_p`<0.05 & statistics$`log(AAT/WT)`<1","GO_BP","140236","translation at presynapse ",9,180,45,3024,4.44444444444444,1.48809523809524,0.00853168537436834,1,2.98666666666667,"P12970;P41105;P61358;P62983;Q6ZWU9;Q9D8E6;P47963;Q6ZWV7;Q9CR57"
"11128","statistics$`DKO_vs_WT_Ttest_p`<0.05 & statistics$`log(DKO/WT)`<1","GO_BP","8654","phospholipid biosynthetic process ",4,130,8,3024,2.30769230769231,0.264550264550265,0.00885350872117249,1,8.72307692307692,"G5E8Q8;Q3TFD2;Q8JZR0;Q91YX5"
"13157","statistics$`AAT_vs_DKO_Ttest_p`<0.05 & statistics$`log(AAT/DKO)`<1","GO_BP","1656","metanephros development ",3,83,4,3024,2.40963855421687,0.132275132275132,0.0098640260059819,1,18.2168674698795,"A2ARA8;P49935;Q61554"
"3619","statistics$`AAT_vs_WT_Ttest_p`<0.05 & statistics$`log(AAT/WT)`<1","GO_BP","9409","response to cold ",5,180,12,3024,2.22222222222222,0.396825396825397,0.0102899206927814,1,5.6,"G5E829;O89086;P07901;P09671;P17156"
"14427","statistics$`Cela1_vs_DKO_Ttest_p`<0.05","GO_BP","1900004","negative regulation of serine-type endopeptidase activity ",3,88,4,3024,2.27272727272727,0.132275132275132,0.0110136970688969,1,17.1818181818182,"P07758;P22599;Q00897"
"14627","statistics$`Cela1_vs_DKO_Ttest_p`<0.05","GO_BP","46687","response to chromate ",3,88,4,3024,2.27272727272727,0.132275132275132,0.0110136970688969,1,17.1818181818182,"P07758;P22599;Q00897"
"14927","statistics$`Cela1_vs_DKO_Ttest_p`<0.05","GO_BP","33986","response to methanol ",3,88,4,3024,2.27272727272727,0.132275132275132,0.0110136970688969,1,17.1818181818182,"P07758;P22599;Q00897"
"18329","statistics$`AAT_vs_Cela1_Ttest_p`<0.05 & statistics$`log(AAT/Cela1)`<1","GO_BP","1900004","negative regulation of serine-type endopeptidase activity ",3,88,4,3024,2.27272727272727,0.132275132275132,0.0110136970688969,1,17.1818181818182,"P07758;P22599;Q00897"
"18529","statistics$`AAT_vs_Cela1_Ttest_p`<0.05 & statistics$`log(AAT/Cela1)`<1","GO_BP","46687","response to chromate ",3,88,4,3024,2.27272727272727,0.132275132275132,0.0110136970688969,1,17.1818181818182,"P07758;P22599;Q00897"
"18829","statistics$`AAT_vs_Cela1_Ttest_p`<0.05 & statistics$`log(AAT/Cela1)`<1","GO_BP","33986","response to methanol ",3,88,4,3024,2.27272727272727,0.132275132275132,0.0110136970688969,1,17.1818181818182,"P07758;P22599;Q00897"
"3992","statistics$`AAT_vs_WT_Ttest_p`<0.05","GO_BP","140242","translation at postsynapse ",9,189,45,3024,4.23280423280423,1.48809523809524,0.0111439953081295,1,2.84444444444444,"P12970;P41105;P61358;P62983;Q6ZWU9;Q9D8E6;P47963;Q6ZWV7;Q9CR57"
"4002","statistics$`AAT_vs_WT_Ttest_p`<0.05","GO_BP","140236","translation at presynapse ",9,189,45,3024,4.23280423280423,1.48809523809524,0.0111439953081295,1,2.84444444444444,"P12970;P41105;P61358;P62983;Q6ZWU9;Q9D8E6;P47963;Q6ZWV7;Q9CR57"
"5960","statistics$`AAT_vs_Cela1_Ttest_p`<0.05","GO_BP","43410","positive regulation of MAPK cascade ",6,96,40,3024,5.20833333333333,1.32275132275132,0.0114568700250275,1,3.9375,"O55222;O88653;P01872;P08228;Q61207;Q9CQ22"
"13148","statistics$`AAT_vs_DKO_Ttest_p`<0.05","GO_BP","1656","metanephros development ",3,91,4,3024,2.1978021978022,0.132275132275132,0.01172950852798,1,16.6153846153846,"A2ARA8;P49935;Q61554"
"3616","statistics$`AAT_vs_WT_Ttest_p`<0.05","GO_BP","9409","response to cold ",5,189,12,3024,2.11640211640212,0.396825396825397,0.0120692757746288,1,5.33333333333333,"G5E829;O89086;P07901;P09671;P17156"
"2126","statistics$`DKO_vs_WT_Ttest_p`<0.05","GO_BP","8654","phospholipid biosynthetic process ",4,147,8,3024,2.04081632653061,0.264550264550265,0.0122392550252538,1,7.71428571428572,"G5E8Q8;Q3TFD2;Q8JZR0;Q91YX5"
"19725","statistics$`AAT_vs_Cela1_Ttest_p`<0.05","GO_BP","1900004","negative regulation of serine-type endopeptidase activity ",3,96,4,3024,2.08333333333333,0.132275132275132,0.0129649496629981,1,15.75,"P07758;P22599;Q00897"
"19925","statistics$`AAT_vs_Cela1_Ttest_p`<0.05","GO_BP","46687","response to chromate ",3,96,4,3024,2.08333333333333,0.132275132275132,0.0129649496629981,1,15.75,"P07758;P22599;Q00897"
"20224","statistics$`AAT_vs_Cela1_Ttest_p`<0.05","GO_BP","33986","response to methanol ",3,96,4,3024,2.08333333333333,0.132275132275132,0.0129649496629981,1,15.75,"P07758;P22599;Q00897"
"2190","statistics$`AAT_vs_DKO_Ttest_p`<0.05 & statistics$`log(AAT/DKO)`<1","GO_BP","33627","cell adhesion mediated by integrin ",4,83,16,3024,3.6144578313253,0.529100529100529,0.013079316911343,1,6.83132530120482,"A2ARA8;Q61554;Q62469;Q62470"
"2103","statistics$`Cela1_vs_WT_Ttest_p`<0.05 & statistics$`log(Cela1/WT)`>1","GO_BP","2042","cell migration involved in sprouting angiogenesis ",2,5,7,3024,20,0.231481481481481,0.0131447427283827,0.630947650962369,86.4,"A6H6E2;O70362"
"12156","statistics$`AAT_vs_DKO_Ttest_p`<0.05 & statistics$`log(AAT/DKO)`<1","GO_BP","48333","mesodermal cell differentiation ",3,83,5,3024,2.40963855421687,0.165343915343915,0.0135713786685981,1,14.5734939759036,"A2ARA8;Q62469;Q62470"
"11436","statistics$`AAT_vs_DKO_Ttest_p`<0.05","GO_BP","6749","glutathione metabolic process ",5,91,29,3024,4.3956043956044,0.958994708994709,0.0145921202884618,1,4.58355437665783,"O88844;P08228;P24472;Q9CPU0;Q99L20"
"49911","statistics$`AAT_vs_Cela1_Ttest_p`<0.05 & statistics$`log(AAT/Cela1)`<1","GO_BP","6665","sphingolipid metabolic process ",3,88,5,3024,2.27272727272727,0.165343915343915,0.015137337718527,1,13.7454545454545,"Q61207;Q9CY27;P50405"
"18108","statistics$`AAT_vs_WT_Ttest_p`<0.05 & statistics$`log(AAT/WT)`<1","GO_BP","34446","substrate adhesion-dependent cell spreading ",6,180,22,3024,2.77777777777778,0.727513227513227,0.0155565078496341,1,3.81818181818182,"A2ARA8;O55222;P02468;P63001;P63024;Q61292"
"12147","statistics$`AAT_vs_DKO_Ttest_p`<0.05","GO_BP","48333","mesodermal cell differentiation ",3,91,5,3024,2.1978021978022,0.165343915343915,0.0161110883102377,1,13.2923076923077,"A2ARA8;Q62469;Q62470"
"2160","statistics$`AAT_vs_DKO_Ttest_p`<0.05","GO_BP","33627","cell adhesion mediated by integrin ",4,91,16,3024,3.2967032967033,0.529100529100529,0.0166523379758163,1,6.23076923076923,"A2ARA8;Q61554;Q62469;Q62470"
"5979","statistics$`AAT_vs_DKO_Ttest_p`<0.05 & statistics$`log(AAT/DKO)`<1","GO_BP","50776","regulation of immune response ",3,83,6,3024,2.40963855421687,0.198412698412698,0.0177836089814512,1,12.144578313253,"P01878;P01864;P03987"
"52710","statistics$`AAT_vs_Cela1_Ttest_p`<0.05","GO_BP","6665","sphingolipid metabolic process ",3,96,5,3024,2.08333333333333,0.165343915343915,0.017789547977974,1,12.6,"Q61207;Q9CY27;P50405"
"12149","statistics$`AAT_vs_DKO_Ttest_p`<0.05 & statistics$`log(AAT/DKO)`>1","GO_BP","50665","hydrogen peroxide biosynthetic process ",2,8,6,3024,12.5,0.198412698412698,0.018342113332251,0.642105823135307,63,"P08228;Q61093"
"5540","statistics$`AAT_vs_DKO_Ttest_p`<0.05 & statistics$`log(AAT/DKO)`>1","GO_BP","6801","superoxide metabolic process ",2,8,6,3024,12.5,0.198412698412698,0.018342113332251,0.642105823135307,63,"P08228;Q61093"
"18105","statistics$`AAT_vs_WT_Ttest_p`<0.05","GO_BP","34446","substrate adhesion-dependent cell spreading ",6,189,22,3024,2.64550264550265,0.727513227513227,0.0186844207509148,1,3.63636363636364,"A2ARA8;O55222;P02468;P63001;P63024;Q61292"
"5440","statistics$`AAT_vs_DKO_Ttest_p`<0.05 & statistics$`log(AAT/DKO)`>1","GO_BP","42554","superoxide anion generation ",2,8,7,3024,12.5,0.231481481481481,0.0209382333631078,0.642105823135307,54,"P08228;Q61093"
"66120","statistics$`AAT_vs_DKO_Ttest_p`<0.05","GO_BP","50776","regulation of immune response ",3,91,6,3024,2.1978021978022,0.198412698412698,0.0210765497826987,1,11.0769230769231,"P01878;P01864;P03987"
"2356","statistics$`DKO_vs_WT_Ttest_p`<0.05 & statistics$`log(DKO/WT)`<1","GO_BP","10288","response to lead ion ",4,130,12,3024,2.30769230769231,0.396825396825397,0.0216419875033441,1,5.81538461538462,"P07758;P22599;P62137;Q00897"
"2327","statistics$`DKO_vs_WT_Ttest_p`<0.05 & statistics$`log(DKO/WT)`<1","GO_BP","1900004","negative regulation of serine-type endopeptidase activity ",3,130,4,3024,1.53846153846154,0.132275132275132,0.0226775621381352,1,11.6307692307692,"P07758;P22599;Q00897"
"2346","statistics$`DKO_vs_WT_Ttest_p`<0.05 & statistics$`log(DKO/WT)`<1","GO_BP","46687","response to chromate ",3,130,4,3024,1.53846153846154,0.132275132275132,0.0226775621381352,1,11.6307692307692,"P07758;P22599;Q00897"
"2366","statistics$`DKO_vs_WT_Ttest_p`<0.05 & statistics$`log(DKO/WT)`<1","GO_BP","33986","response to methanol ",3,130,4,3024,1.53846153846154,0.132275132275132,0.0226775621381352,1,11.6307692307692,"P07758;P22599;Q00897"
"10619","statistics$`DKO_vs_WT_Ttest_p`<0.05","GO_BP","35855","megakaryocyte development ",4,147,11,3024,2.04081632653061,0.363756613756614,0.0243829634624283,1,5.61038961038961,"O35930;O70172;P05532;Q6ZQA0"
"9140","statistics$`Cela1_vs_DKO_Ttest_p`<0.05 & statistics$`log(Cela1/DKO)`<1","GO_BP","50871","positive regulation of B cell activation ",3,81,8,3024,2.46913580246914,0.264550264550265,0.026407982823737,1,9.33333333333333,"P01872;P01837;P06330"
"19923","statistics$`AAT_vs_DKO_Ttest_p`<0.05","GO_BP","9408","response to heat ",4,91,20,3024,3.2967032967033,0.661375661375661,0.0279873525347721,1,4.98461538461538,"P07901;P08228;Q62219;Q8CHW4"
"2775","statistics$`DKO_vs_WT_Ttest_p`<0.05","GO_BP","1900004","negative regulation of serine-type endopeptidase activity ",3,147,4,3024,1.36054421768707,0.132275132275132,0.0283136043887964,1,10.2857142857143,"P07758;P22599;Q00897"
"2795","statistics$`DKO_vs_WT_Ttest_p`<0.05","GO_BP","46687","response to chromate ",3,147,4,3024,1.36054421768707,0.132275132275132,0.0283136043887964,1,10.2857142857143,"P07758;P22599;Q00897"
"28110","statistics$`DKO_vs_WT_Ttest_p`<0.05","GO_BP","33986","response to methanol ",3,147,4,3024,1.36054421768707,0.132275132275132,0.0283136043887964,1,10.2857142857143,"P07758;P22599;Q00897"
"2805","statistics$`DKO_vs_WT_Ttest_p`<0.05","GO_BP","10288","response to lead ion ",4,147,12,3024,2.04081632653061,0.396825396825397,0.0294649006210803,1,5.14285714285714,"P07758;P22599;P62137;Q00897"
"2336","statistics$`DKO_vs_WT_Ttest_p`<0.05 & statistics$`log(DKO/WT)`<1","GO_BP","6487","protein N-linked glycosylation ",4,130,14,3024,2.30769230769231,0.462962962962963,0.0304638058401748,1,4.98461538461539,"P07758;P22599;P46978;O54734"
"13427","statistics$`Cela1_vs_DKO_Ttest_p`<0.05","GO_BP","50871","positive regulation of B cell activation ",3,88,8,3024,2.27272727272727,0.264550264550265,0.0306982381590951,1,8.59090909090909,"P01872;P01837;P06330"
"9017","statistics$`AAT_vs_WT_Ttest_p`<0.05 & statistics$`log(AAT/WT)`<1","GO_BP","34097","response to cytokine ",6,180,27,3024,2.77777777777778,0.892857142857143,0.0309563552821739,1,3.11111111111111,"O35892;P07758;P22599;P52633;Q00897;Q61239"
"9030","statistics$`Cela1_vs_DKO_Ttest_p`<0.05 & statistics$`log(Cela1/DKO)`<1","GO_BP","6910","phagocytosis, recognition ",3,81,9,3024,2.46913580246914,0.297619047619048,0.031737157031601,1,8.2962962962963,"P01872;P01837;P06330"
"18150","statistics$`AAT_vs_Cela1_Ttest_p`<0.05 & statistics$`log(AAT/Cela1)`<1","GO_BP","34446","substrate adhesion-dependent cell spreading ",4,88,22,3024,3.40909090909091,0.727513227513227,0.0320689906417082,1,4.68595041322314,"A2ARA8;O55222;P63024;Q9EPC1"
"4518","statistics$`AAT_vs_WT_Ttest_p`<0.05 & statistics$`log(AAT/WT)`<1","GO_BP","8361","regulation of cell size ",4,180,10,3024,1.66666666666667,0.330687830687831,0.0328541524865128,1,5.04,"P26041;P26043;P62774;P63001"
"10940","statistics$`AAT_vs_DKO_Ttest_p`<0.05 & statistics$`log(AAT/DKO)`<1","GO_BP","1913","T cell mediated cytotoxicity ",3,83,9,3024,2.40963855421687,0.297619047619048,0.0331657431437058,1,8.09638554216868,"O88662;P01887;P49935"
"4930","statistics$`Cela1_vs_DKO_Ttest_p`<0.05 & statistics$`log(Cela1/DKO)`>1","GO_BP","6487","protein N-linked glycosylation ",2,7,14,3024,14.2857142857143,0.462962962962963,0.0341652669742897,0.354464644858256,30.8571428571429,"P07758;P22599"
"8625","statistics$`DKO_vs_WT_Ttest_p`<0.05 & statistics$`log(DKO/WT)`<1","GO_BP","34097","response to cytokine ",5,130,27,3024,3.07692307692308,0.892857142857143,0.0366015172050273,1,3.44615384615385,"O35892;P07758;P22599;Q00897;O54734"
"9014","statistics$`AAT_vs_WT_Ttest_p`<0.05","GO_BP","34097","response to cytokine ",6,189,27,3024,2.64550264550265,0.892857142857143,0.0367854548714623,1,2.96296296296296,"O35892;P07758;P22599;P52633;Q00897;Q61239"
"13328","statistics$`Cela1_vs_DKO_Ttest_p`<0.05","GO_BP","6910","phagocytosis, recognition ",3,88,9,3024,2.27272727272727,0.297619047619048,0.0368402644543206,1,7.63636363636364,"P01872;P01837;P06330"
"4562","statistics$`AAT_vs_WT_Ttest_p`<0.05","GO_BP","8361","regulation of cell size ",4,189,10,3024,1.58730158730159,0.330687830687831,0.0369905749725904,1,4.8,"P26041;P26043;P62774;P63001"
"4630","statistics$`Cela1_vs_DKO_Ttest_p`<0.05 & statistics$`log(Cela1/DKO)`>1","GO_BP","6953","acute-phase response ",2,7,16,3024,14.2857142857143,0.529100529100529,0.0386441236878734,0.356384696232611,27,"P07758;P22599"
"11148","statistics$`AAT_vs_DKO_Ttest_p`<0.05","GO_BP","1913","T cell mediated cytotoxicity ",3,91,9,3024,2.1978021978022,0.297619047619048,0.0391134498269745,1,7.38461538461539,"O88662;P01887;P49935"
"18146","statistics$`AAT_vs_Cela1_Ttest_p`<0.05","GO_BP","34446","substrate adhesion-dependent cell spreading ",4,96,22,3024,3.125,0.727513227513227,0.0397775229769427,1,4.29545454545455,"A2ARA8;O55222;P63024;Q9EPC1"
"2824","statistics$`AAT_vs_WT_Ttest_p`<0.05 & statistics$`log(AAT/WT)`<1","GO_BP","1900004","negative regulation of serine-type endopeptidase activity ",3,180,4,3024,1.11111111111111,0.132275132275132,0.0405346079223532,1,8.4,"P07758;P22599;Q00897"
"2844","statistics$`AAT_vs_WT_Ttest_p`<0.05 & statistics$`log(AAT/WT)`<1","GO_BP","46687","response to chromate ",3,180,4,3024,1.11111111111111,0.132275132275132,0.0405346079223532,1,8.4,"P07758;P22599;Q00897"
"2864","statistics$`AAT_vs_WT_Ttest_p`<0.05 & statistics$`log(AAT/WT)`<1","GO_BP","33986","response to methanol ",3,180,4,3024,1.11111111111111,0.132275132275132,0.0405346079223532,1,8.4,"P07758;P22599;Q00897"
"2785","statistics$`DKO_vs_WT_Ttest_p`<0.05","GO_BP","6487","protein N-linked glycosylation ",4,147,14,3024,2.04081632653061,0.462962962962963,0.0411649005597038,1,4.40816326530612,"P07758;P22599;P46978;O54734"
"30815","statistics$`AAT_vs_Cela1_Ttest_p`<0.05 & statistics$`log(AAT/Cela1)`<1","GO_BP","6334","nucleosome assembly ",4,88,25,3024,3.40909090909091,0.826719576719577,0.043001097157576,1,4.12363636363636,"P10853;P68433;P84228;Q3TEA8"
"2129","statistics$`DKO_vs_WT_Ttest_p`<0.05 & statistics$`log(DKO/WT)`>1","GO_BP","2042","cell migration involved in sprouting angiogenesis ",2,17,7,3024,5.88235294117647,0.231481481481481,0.0439063880287762,1,25.4117647058824,"A6H6E2;O70362"
"2823","statistics$`AAT_vs_WT_Ttest_p`<0.05","GO_BP","1900004","negative regulation of serine-type endopeptidase activity ",3,189,4,3024,1.05820105820106,0.132275132275132,0.0441311334255686,1,8,"P07758;P22599;Q00897"
"2843","statistics$`AAT_vs_WT_Ttest_p`<0.05","GO_BP","46687","response to chromate ",3,189,4,3024,1.05820105820106,0.132275132275132,0.0441311334255686,1,8,"P07758;P22599;Q00897"
"2863","statistics$`AAT_vs_WT_Ttest_p`<0.05","GO_BP","33986","response to methanol ",3,189,4,3024,1.05820105820106,0.132275132275132,0.0441311334255686,1,8,"P07758;P22599;Q00897"
"11762","statistics$`AAT_vs_WT_Ttest_p`<0.05","GO_BP","42761","very long-chain fatty acid biosynthetic process ",3,189,4,3024,1.05820105820106,0.132275132275132,0.0441311334255686,1,8,"Q9CY27;Q9D3B1;Q9JLJ5"
"14327","statistics$`Cela1_vs_DKO_Ttest_p`<0.05","GO_BP","10951","negative regulation of endopeptidase activity ",4,88,26,3024,3.40909090909091,0.85978835978836,0.0470097334444682,1,3.96503496503496,"P07758;P22599;Q00897;Q06770"
"2542","statistics$`Cela1_vs_WT_Ttest_p`<0.05 & statistics$`log(Cela1/WT)`<1","GO_BP","6334","nucleosome assembly ",5,153,25,3024,2.61437908496732,0.826719576719577,0.0480693138312693,1,3.16235294117647,"P15864;P62806;P68433;P84228;Q9QZQ8"
"13940","statistics$`AAT_vs_Cela1_Ttest_p`<0.05 & statistics$`log(AAT/Cela1)`<1","GO_BP","45766","positive regulation of angiogenesis ",5,88,45,3024,4.54545454545455,1.48809523809524,0.0481368809006764,1,3.05454545454546,"O88662;P10833;P49935;Q99K41;Q9QYC0"
"2854","statistics$`AAT_vs_WT_Ttest_p`<0.05 & statistics$`log(AAT/WT)`<1","GO_BP","10288","response to lead ion ",4,180,12,3024,1.66666666666667,0.396825396825397,0.0481441616488879,1,4.2,"P07758;P22599;P62137;Q00897"
"13853","statistics$`AAT_vs_WT_Ttest_p`<0.05 & statistics$`log(AAT/WT)`<1","GO_CC","786","nucleosome ",11,180,20,3024,5.55555555555556,0.661375661375661,2.74807437234931e-06,0.000898620319758223,8.4,"P10853;P15864;P43275;P62806;P68433;P84228;Q3TEA8;Q64523;Q8CCK0;Q8CGP5;Q3THW5"
"14342","statistics$`AAT_vs_WT_Ttest_p`<0.05","GO_CC","786","nucleosome ",11,189,20,3024,5.29100529100529,0.661375661375661,4.18911354422001e-06,0.00141173126440214,8,"P10853;P15864;P43275;P62806;P68433;P84228;Q3TEA8;Q64523;Q8CCK0;Q8CGP5;Q3THW5"
"10401","statistics$`Cela1_vs_WT_Ttest_p`<0.05 & statistics$`log(Cela1/WT)`<1","GO_CC","22625","cytosolic large ribosomal subunit ",13,153,44,3024,7.84313725490196,1.45502645502645,8.97801174216404e-06,0.00240610714689996,5.3903743315508,"P12970;P14148;P14869;P47911;P61358;P62751;Q9D8E6;P47963;P47964;P99027;Q6ZWV7;Q9CR57;Q9CZM2"
"1079","statistics$`Cela1_vs_WT_Ttest_p`<0.05","GO_CC","22625","cytosolic large ribosomal subunit ",13,158,44,3024,7.59493670886076,1.45502645502645,1.23381942430489e-05,0.00336832702835235,5.21979286536249,"P12970;P14148;P14869;P47911;P61358;P62751;Q9D8E6;P47963;P47964;P99027;Q6ZWV7;Q9CR57;Q9CZM2"
"10451","statistics$`Cela1_vs_WT_Ttest_p`<0.05 & statistics$`log(Cela1/WT)`<1","GO_CC","5840","ribosome ",14,153,70,3024,8.49673202614379,2.31481481481481,0.000127020568239,0.0137975175772185,3.67058823529412,"P12970;P14148;P47911;P61358;P62751;Q9D8E6;P47963;P47964;P62855;P97461;P99027;Q6ZWV7;Q9CR57;Q9CZM2"
"1084","statistics$`Cela1_vs_WT_Ttest_p`<0.05","GO_CC","5840","ribosome ",14,158,70,3024,8.22784810126582,2.31481481481481,0.000173761352437647,0.018274452996991,3.55443037974684,"P12970;P14148;P47911;P61358;P62751;Q9D8E6;P47963;P47964;P62855;P97461;P99027;Q6ZWV7;Q9CR57;Q9CZM2"
"9701","statistics$`Cela1_vs_WT_Ttest_p`<0.05 & statistics$`log(Cela1/WT)`<1","GO_CC","98793","presynapse ",17,153,106,3024,10.4575163398693,3.505291005291,0.000186869591215088,0.0137975175772185,2.98335183129856,"A2A5R2;P12970;P14148;P47911;P61358;P62137;P62751;Q62419;Q9D8E6;P47963;P47964;P62855;P97461;P99027;Q6ZWV7;Q9CR57;Q9CZM2"
"10531","statistics$`Cela1_vs_WT_Ttest_p`<0.05 & statistics$`log(Cela1/WT)`<1","GO_CC","786","nucleosome ",8,153,20,3024,4.57516339869281,0.661375661375661,0.00020593309816744,0.0137975175772185,6.91764705882353,"P15864;P62806;P68433;P84228;Q64523;Q8CGP5;Q9QZQ8;Q3THW5"
"1092","statistics$`Cela1_vs_WT_Ttest_p`<0.05","GO_CC","786","nucleosome ",8,158,20,3024,4.43037974683544,0.661375661375661,0.000249388934126912,0.018274452996991,6.69873417721519,"P15864;P62806;P68433;P84228;Q64523;Q8CGP5;Q9QZQ8;Q3THW5"
"1004","statistics$`Cela1_vs_WT_Ttest_p`<0.05","GO_CC","98793","presynapse ",17,158,106,3024,10.126582278481,3.505291005291,0.000267757553069465,0.018274452996991,2.88894196321949,"A2A5R2;P12970;P14148;P47911;P61358;P62137;P62751;Q62419;Q9D8E6;P47963;P47964;P62855;P97461;P99027;Q6ZWV7;Q9CR57;Q9CZM2"
"10412","statistics$`Cela1_vs_WT_Ttest_p`<0.05 & statistics$`log(Cela1/WT)`<1","GO_CC","22626","cytosolic ribosome ",13,153,71,3024,7.84313725490196,2.3478835978836,0.000501678799965625,0.0268899836781575,3.34051367025684,"P12970;P14148;P14869;P47911;P61358;P62751;Q9D8E6;P47963;P47964;P97461;Q6ZWV7;Q9CR57;Q9CZM2"
"1080","statistics$`Cela1_vs_WT_Ttest_p`<0.05","GO_CC","22626","cytosolic ribosome ",13,158,71,3024,7.59493670886076,2.3478835978836,0.000663575944462148,0.0362312465676333,3.23480121233732,"P12970;P14148;P14869;P47911;P61358;P62751;Q9D8E6;P47963;P47964;P97461;Q6ZWV7;Q9CR57;Q9CZM2"
"10441","statistics$`Cela1_vs_WT_Ttest_p`<0.05 & statistics$`log(Cela1/WT)`<1","GO_CC","98794","postsynapse ",18,153,133,3024,11.1111111111111,4.39814814814815,0.000688943419431373,0.0307728060679347,2.52631578947368,"P12970;P14148;P14869;P31324;P47911;P61358;P62137;P62751;P63001;Q9D8E6;P47963;P47964;P62855;P97461;P99027;Q6ZWV7;Q9CR57;Q9CZM2"
"1083","statistics$`Cela1_vs_WT_Ttest_p`<0.05","GO_CC","98794","postsynapse ",18,158,133,3024,10.7594936708861,4.39814814814815,0.00137901444002293,0.0627451570210434,2.44636908727515,"P12970;P14148;P14869;P31324;P47911;P61358;P62137;P62751;P63001;Q9D8E6;P47963;P47964;P62855;P97461;P99027;Q6ZWV7;Q9CR57;Q9CZM2"
"84710","statistics$`AAT_vs_Cela1_Ttest_p`<0.05","GO_CC","5615","extracellular space ",21,96,301,3024,20.8333333333333,9.9537037037037,0.00169966426129826,0.431714722369757,2.09302325581395,"P01868;P01872;P07758;P08228;P10107;P10853;P12265;P22599;P27046;P49935;Q00897;Q06318;Q61207;Q920H1;Q99K41;Q9CXI5;Q9WV54;O88200;P50405;Q07797;Q9D1H9"
"13123","statistics$`AAT_vs_WT_Ttest_p`<0.05 & statistics$`log(AAT/WT)`<1","GO_CC","98793","presynapse ",16,180,106,3024,8.33333333333333,3.505291005291,0.00352615800565076,0.5765268339239,2.37735849056604,"O35658;O88952;P12970;P41105;P61358;P62137;P62331;P62983;P63087;Q61584;Q6ZWU9;Q99LX0;Q9D8E6;P47963;Q6ZWV7;Q9CR57"
"81027","statistics$`AAT_vs_Cela1_Ttest_p`<0.05 & statistics$`log(AAT/Cela1)`<1","GO_CC","5615","extracellular space ",19,88,301,3024,20.4545454545455,9.9537037037037,0.00356500425244125,0.526048758451973,2.05496828752643,"P01868;P01872;P07758;P08228;P10107;P10853;P12265;P22599;P27046;P49935;Q00897;Q06318;Q61207;Q99K41;Q9CXI5;Q9WV54;P50405;Q07797;Q9D1H9"
"78911","statistics$`AAT_vs_Cela1_Ttest_p`<0.05 & statistics$`log(AAT/Cela1)`<1","GO_CC","5764","lysosome ",10,88,105,3024,10.2272727272727,3.47222222222222,0.00434751040042953,0.526048758451973,2.94545454545455,"O70404;P08228;P12265;P26645;P49935;Q61207;Q9CQ22;Q9WV54;Q9WV80;P50405"
"8830","statistics$`Cela1_vs_DKO_Ttest_p`<0.05 & statistics$`log(Cela1/DKO)`>1","GO_CC","5783","endoplasmic reticulum ",5,7,343,3024,57.1428571428571,11.3425925925926,0.00445725921210493,0.142632294787358,5.03790087463557,"E9Q401;P07758;P22599;Q00897;Q9D6J5"
"9420","statistics$`DKO_vs_WT_Ttest_p`<0.05 & statistics$`log(DKO/WT)`>1","GO_CC","5615","extracellular space ",7,17,301,3024,35.2941176470588,9.9537037037037,0.0047599781332023,0.18563914719489,3.54582763337893,"A6H6E2;O35930;O70362;Q06770;Q9D708;P50608;Q9CYL5"
"13614","statistics$`AAT_vs_WT_Ttest_p`<0.05","GO_CC","98793","presynapse ",16,189,106,3024,7.93650793650794,3.505291005291,0.00482195680654227,0.812499721902373,2.26415094339623,"O35658;O88952;P12970;P41105;P61358;P62137;P62331;P62983;P63087;Q61584;Q6ZWU9;Q99LX0;Q9D8E6;P47963;Q6ZWV7;Q9CR57"
"82510","statistics$`AAT_vs_Cela1_Ttest_p`<0.05","GO_CC","5764","lysosome ",10,96,105,3024,9.375,3.47222222222222,0.00759770466112891,0.702589185312078,2.7,"O70404;P08228;P12265;P26645;P49935;Q61207;Q9CQ22;Q9WV54;Q9WV80;P50405"
"83810","statistics$`AAT_vs_Cela1_Ttest_p`<0.05","GO_CC","5576","extracellular region ",12,96,147,3024,11.4583333333333,4.86111111111111,0.00829829746431589,0.702589185312078,2.35714285714286,"O70456;P07091;P07758;P08228;P22599;Q00897;Q61207;Q8VCC9;Q920H1;Q99K41;O88200;Q9D1H9"
"10471","statistics$`Cela1_vs_WT_Ttest_p`<0.05 & statistics$`log(Cela1/WT)`<1","GO_CC","31672","A band ",5,153,15,3024,2.61437908496732,0.496031746031746,0.0113723256585849,0.33864258627786,5.27058823529412,"P14148;P47911;Q02357;Q9D8E6;Q9CZM2"
"1086","statistics$`Cela1_vs_WT_Ttest_p`<0.05","GO_CC","31672","A band ",5,158,15,3024,2.53164556962025,0.496031746031746,0.0126355581068874,0.379054533233844,5.10379746835443,"P14148;P47911;Q02357;Q9D8E6;Q9CZM2"
"7179","statistics$`AAT_vs_DKO_Ttest_p`<0.05 & statistics$`log(AAT/DKO)`<1","GO_CC","1527","microfibril ",3,83,5,3024,2.40963855421687,0.165343915343915,0.0135713786685981,1,14.5734939759036,"P55002;Q61554;Q9D1H9"
"13117","statistics$`AAT_vs_WT_Ttest_p`<0.05 & statistics$`log(AAT/WT)`<1","GO_CC","5730","nucleolus ",20,180,175,3024,10.5555555555556,5.78703703703704,0.0147516841924745,1,1.824,"O35658;O35892;O70566;P12970;P25976;P35700;P50580;P61358;P62137;P63087;Q61656;Q7TNV0;Q7TPV4;Q8VDQ8;Q99LM2;Q9JIX8;Q9JLV6;Q9Z1X4;P47963;P54729"
"79211","statistics$`AAT_vs_DKO_Ttest_p`<0.05","GO_CC","1527","microfibril ",3,91,5,3024,2.1978021978022,0.165343915343915,0.0161110883102377,1,13.2923076923077,"P55002;Q61554;Q9D1H9"
"6197","statistics$`Cela1_vs_DKO_Ttest_p`<0.05 & statistics$`log(Cela1/DKO)`<1","GO_CC","42571","immunoglobulin complex, circulating ",3,81,6,3024,2.46913580246914,0.198412698412698,0.0169965234534277,1,12.4444444444444,"P01872;P01837;P06330"
"7066","statistics$`Cela1_vs_DKO_Ttest_p`<0.05","GO_CC","42571","immunoglobulin complex, circulating ",3,88,6,3024,2.27272727272727,0.198412698412698,0.0198150026594091,1,11.4545454545455,"P01872;P01837;P06330"
"13873","statistics$`AAT_vs_WT_Ttest_p`<0.05 & statistics$`log(AAT/WT)`<1","GO_CC","22625","cytosolic large ribosomal subunit ",8,180,44,3024,3.88888888888889,1.45502645502645,0.0222965443086621,1,2.67272727272727,"P12970;P41105;P61358;Q9D8E6;P47963;P62889;Q6ZWV7;Q9CR57"
"68212","statistics$`AAT_vs_DKO_Ttest_p`<0.05 & statistics$`log(AAT/DKO)`<1","GO_CC","98982","GABA-ergic synapse ",4,83,21,3024,3.6144578313253,0.694444444444444,0.0248284559021799,1,5.20481927710843,"P11881;Q6ZWU9;Q8C1B7;Q9ERL9"
"13917","statistics$`AAT_vs_WT_Ttest_p`<0.05 & statistics$`log(AAT/WT)`<1","GO_CC","98794","postsynapse ",16,180,133,3024,8.33333333333333,4.39814814814815,0.025587965456672,1,1.89473684210526,"P12970;P31324;P41105;P61358;P62137;P62331;P62983;P63001;P63087;Q61584;Q6ZWU9;Q9D8E6;P47963;P62889;Q6ZWV7;Q9CR57"
"84123","statistics$`AAT_vs_Cela1_Ttest_p`<0.05 & statistics$`log(AAT/Cela1)`<1","GO_CC","786","nucleosome ",4,88,20,3024,3.40909090909091,0.661375661375661,0.0257108826698349,1,5.15454545454545,"P10853;P68433;P84228;Q3TEA8"
"13602","statistics$`AAT_vs_WT_Ttest_p`<0.05","GO_CC","5730","nucleolus ",20,189,175,3024,10.0529100529101,5.78703703703704,0.0258487899885354,1,1.73714285714286,"O35658;O35892;O70566;P12970;P25976;P35700;P50580;P61358;P62137;P63087;Q61656;Q7TNV0;Q7TPV4;Q8VDQ8;Q99LM2;Q9JIX8;Q9JLV6;Q9Z1X4;P47963;P54729"
"9840","statistics$`AAT_vs_DKO_Ttest_p`<0.05 & statistics$`log(AAT/DKO)`>1","GO_CC","5886","plasma membrane ",6,8,746,3024,62.5,24.6693121693122,0.0260796755078153,1,2.53351206434316,"B1AZP2;P08228;Q61093;Q68FH0;Q9CPU0;Q9D6Y7"
"13023","statistics$`AAT_vs_WT_Ttest_p`<0.05 & statistics$`log(AAT/WT)`<1","GO_CC","5634","nucleus ",74,180,978,3024,40.5555555555556,32.3412698412698,0.0271044040932582,1,1.25398773006135,"O08583;O35381;O35658;O35864;O35892;O54962;O55128;O70172;O70456;O88738;O89086;P07901;P10853;P15864;P17156;P18608;P25976;P32020;P35700;P43275;P46062;P46467;P50580;P51125;P52633;P62137;P62774;P62806;P62983;P63001;P63087;P68433;P84228;P98203;Q3TEA8;Q3UMU9;Q61584;Q61656;Q62417;Q64523;Q6ZWU9;Q7TNV0;Q7TPV4;Q8CCK0;Q8CGP5;Q8R081;Q8R2Y2;Q8R480;Q8VDQ8;Q922J3;Q99LM2;Q99LX0;Q9D666;Q9D8E6;Q9JIX8;Q9JIZ9;Q9JLV6;Q9QXD8;Q9QYC0;Q9Z1X4;Q9Z204;O70591;P54729;P62889;P84089;Q3THW5;Q62189;Q8BFW7;Q9CWL8;Q9WU28;P62311;Q00PI9;Q6P8I4;Q9WV32"
"6436","statistics$`Cela1_vs_DKO_Ttest_p`<0.05","GO_CC","5783","endoplasmic reticulum ",18,88,343,3024,19.3181818181818,11.3425925925926,0.0273885775074128,1,1.70315398886827,"E9Q401;P07758;P22599;P31938;Q00897;Q5XJY5;Q8BLF1;Q8JZR0;Q91W90;Q91YX5;Q9CQP2;Q9D024;Q9EPB4;Q9WVJ3;P01878;P62267;P01864;Q9D6J5"
"14362","statistics$`AAT_vs_WT_Ttest_p`<0.05","GO_CC","22625","cytosolic large ribosomal subunit ",8,189,44,3024,3.7037037037037,1.45502645502645,0.027903735658196,1,2.54545454545455,"P12970;P41105;P61358;Q9D8E6;P47963;P62889;Q6ZWV7;Q9CR57"
"6269","statistics$`AAT_vs_DKO_Ttest_p`<0.05 & statistics$`log(AAT/DKO)`<1","GO_CC","9897","external side of plasma membrane ",7,83,82,3024,7.2289156626506,2.71164021164021,0.0286829177674749,1,2.66588304437261,"A2ARA8;P01887;Q62469;Q62470;Q8R2Y2;P01837;P06330"
"14402","statistics$`AAT_vs_WT_Ttest_p`<0.05","GO_CC","98794","postsynapse ",16,189,133,3024,7.93650793650794,4.39814814814815,0.0312325047030546,1,1.80451127819549,"P12970;P31324;P41105;P61358;P62137;P62331;P62983;P63001;P63087;Q61584;Q6ZWU9;Q9D8E6;P47963;P62889;Q6ZWV7;Q9CR57"
"7608","statistics$`AAT_vs_DKO_Ttest_p`<0.05","GO_CC","98982","GABA-ergic synapse ",4,91,21,3024,3.2967032967033,0.694444444444444,0.0313244444182978,1,4.74725274725275,"P11881;Q6ZWU9;Q8C1B7;Q9ERL9"
"87710","statistics$`AAT_vs_Cela1_Ttest_p`<0.05","GO_CC","786","nucleosome ",4,96,20,3024,3.125,0.661375661375661,0.0320058815898066,1,4.725,"P10853;P68433;P84228;Q3TEA8"
"81811","statistics$`AAT_vs_Cela1_Ttest_p`<0.05 & statistics$`log(AAT/Cela1)`<1","GO_CC","43231","intracellular membrane-bounded organelle ",15,88,272,3024,15.9090909090909,8.99470899470899,0.0372397902347795,1,1.76871657754011,"P07758;P11881;P12265;P22599;P49935;P63024;P99029;Q00897;Q61207;Q6NZC7;Q99LM2;Q9CX00;Q9QZ88;Q9WV80;Q9QXB9"
"6289","statistics$`AAT_vs_DKO_Ttest_p`<0.05 & statistics$`log(AAT/DKO)`<1","GO_CC","8305","integrin complex ",3,83,10,3024,2.40963855421687,0.330687830687831,0.0391192767102523,1,7.28674698795181,"A2ARA8;Q62469;Q62470"
"80214","statistics$`AAT_vs_Cela1_Ttest_p`<0.05 & statistics$`log(AAT/Cela1)`<1","GO_CC","5576","extracellular region ",10,88,147,3024,10.2272727272727,4.86111111111111,0.0404418295739938,1,2.1038961038961,"O70456;P07091;P07758;P08228;P22599;Q00897;Q61207;Q8VCC9;Q99K41;Q9D1H9"
"9320","statistics$`DKO_vs_WT_Ttest_p`<0.05 & statistics$`log(DKO/WT)`>1","GO_CC","31012","extracellular matrix ",3,17,56,3024,11.7647058823529,1.85185185185185,0.04047475678224,0.700532466009005,6.35294117647059,"A6H6E2;O35930;O70362"
"13923","statistics$`AAT_vs_WT_Ttest_p`<0.05 & statistics$`log(AAT/WT)`<1","GO_CC","5840","ribosome ",10,180,70,3024,5,2.31481481481481,0.0409832858750074,1,2.16,"P12970;P41105;P61358;P62983;Q6ZWU9;Q9D8E6;P47963;P62889;Q6ZWV7;Q9CR57"
"10321","statistics$`Cela1_vs_WT_Ttest_p`<0.05 & statistics$`log(Cela1/WT)`<1","GO_CC","14731","spectrin-associated cytoskeleton ",3,153,5,3024,1.30718954248366,0.165343915343915,0.0412520851703219,0.869553670375858,7.90588235294118,"P08032;P15508;Q02357"
"69211","statistics$`AAT_vs_DKO_Ttest_p`<0.05","GO_CC","9897","external side of plasma membrane ",7,91,82,3024,6.59340659340659,2.71164021164021,0.0419263451721741,1,2.43151969981238,"A2ARA8;P01887;Q62469;Q62470;Q8R2Y2;P01837;P06330"
"13883","statistics$`AAT_vs_WT_Ttest_p`<0.05 & statistics$`log(AAT/WT)`<1","GO_CC","22626","cytosolic ribosome ",10,180,71,3024,5,2.3478835978836,0.0427300312913632,1,2.12957746478873,"P12970;P41105;P61358;P62983;Q6ZWU9;Q9D8E6;P47963;P62889;Q6ZWV7;Q9CR57"
"10229","statistics$`Cela1_vs_DKO_Ttest_p`<0.05 & statistics$`log(Cela1/DKO)`>1","GO_CC","5576","extracellular region ",3,7,147,3024,28.5714285714286,4.86111111111111,0.0428348677183247,0.45690525566213,5.87755102040816,"P07758;P22599;Q00897"
"1071","statistics$`Cela1_vs_WT_Ttest_p`<0.05","GO_CC","14731","spectrin-associated cytoskeleton ",3,158,5,3024,1.26582278481013,0.165343915343915,0.0436414649289938,0.88820732409863,7.65569620253165,"P08032;P15508;Q02357"
"75211","statistics$`AAT_vs_DKO_Ttest_p`<0.05","GO_CC","5576","extracellular region ",10,91,147,3024,9.89010989010989,4.86111111111111,0.0451067059730079,1,2.03453689167975,"P08228;P29699;P55002;Q61207;Q61554;Q8VCC9;P01837;Q9D1H9;P01864;P03987"
"6948","statistics$`AAT_vs_DKO_Ttest_p`<0.05","GO_CC","8305","integrin complex ",3,91,10,3024,2.1978021978022,0.330687830687831,0.0460595563496382,1,6.64615384615385,"A2ARA8;Q62469;Q62470"
"12923","statistics$`AAT_vs_WT_Ttest_p`<0.05 & statistics$`log(AAT/WT)`<1","GO_CC","5654","nucleoplasm ",49,180,616,3024,26.6666666666667,20.3703703703704,0.0468586734647455,1,1.30909090909091,"G5E829;O35864;O35892;O54962;O55128;O55222;O89086;P08030;P10853;P17156;P18608;P32020;P43275;P52633;P61358;P62137;P62806;P62983;P68433;P84228;Q61656;Q7TNV0;Q8BUR4;Q8CCK0;Q8R081;Q8R480;Q99KN9;Q99LX0;Q9D1A2;Q9JIX8;Q9JK42;Q9JLQ2;Q9JLV6;Q9QXD8;Q9QYC0;Q9WTN0;Q9Z1F9;Q9Z1X4;Q9Z204;P54729;P61971;Q62189;Q91W39;Q9CWL8;Q9DBJ3;Q9ERK4;P70333;Q00PI9;Q6P8I4"
"10491","statistics$`Cela1_vs_WT_Ttest_p`<0.05 & statistics$`log(Cela1/WT)`<1","GO_CC","1990904","ribonucleoprotein complex ",10,153,87,3024,5.88235294117647,2.87698412698413,0.0476837595073556,0.869553670375858,2.0446247464503,"P14148;P14869;P50580;P60335;P61358;Q61656;Q8R081;Q9D8E6;P62309;P97461"
"14414","statistics$`AAT_vs_WT_Ttest_p`<0.05","GO_CC","5840","ribosome ",10,189,70,3024,4.76190476190476,2.31481481481481,0.0480714323492274,1,2.05714285714286,"P12970;P41105;P61358;P62983;Q6ZWU9;Q9D8E6;P47963;P62889;Q6ZWV7;Q9CR57"
"10364","statistics$`DKO_vs_WT_Ttest_p`<0.05","GO_CC","5576","extracellular region ",14,147,147,3024,8.84353741496599,4.86111111111111,0.0496141377963161,1,1.81924198250729,"O70362;O70456;P07758;P08228;P22599;P23927;P45377;P55002;P55065;Q00897;Q61362;Q8K4Z3;P50608;P01864"
"17031","statistics$`AAT_vs_WT_Ttest_p`<0.05 & statistics$`log(AAT/WT)`<1","GO_MF","30527","structural constituent of chromatin ",11,180,17,3024,5.55555555555556,0.562169312169312,8.94999823285676e-07,0.000353524930197842,9.88235294117647,"P10853;P15864;P43275;P62806;P68433;P84228;Q3TEA8;Q64523;Q8CCK0;Q8CGP5;Q3THW5"
"17622","statistics$`AAT_vs_WT_Ttest_p`<0.05","GO_MF","30527","structural constituent of chromatin ",11,189,17,3024,5.29100529100529,0.562169312169312,1.37463736898468e-06,0.000567725233390671,9.41176470588236,"P10853;P15864;P43275;P62806;P68433;P84228;Q3TEA8;Q64523;Q8CCK0;Q8CGP5;Q3THW5"
"79210","statistics$`Cela1_vs_DKO_Ttest_p`<0.05 & statistics$`log(Cela1/DKO)`<1","GO_MF","3823","antigen binding ",6,81,12,3024,6.17283950617284,0.396825396825397,5.16478466359549e-05,0.0106394564070067,15.5555555555556,"P01872;P01837;P01878;P01864;P01631;P06330"
"10458","statistics$`AAT_vs_DKO_Ttest_p`<0.05 & statistics$`log(AAT/DKO)`<1","GO_MF","3823","antigen binding ",6,83,12,3024,6.02409638554217,0.396825396825397,5.79676566510096e-05,0.0124630461799671,15.1807228915663,"P01837;P01878;Q9D1H9;P01864;P03987;P06330"
"8927","statistics$`Cela1_vs_DKO_Ttest_p`<0.05","GO_MF","3823","antigen binding ",6,88,12,3024,5.68181818181818,0.396825396825397,7.63612365953079e-05,0.0164176658679912,14.3181818181818,"P01872;P01837;P01878;P01864;P01631;P06330"
"11386","statistics$`AAT_vs_DKO_Ttest_p`<0.05","GO_MF","3823","antigen binding ",6,91,12,3024,5.49450549450549,0.396825396825397,8.93532454266177e-05,0.0202831867118422,13.8461538461538,"P01837;P01878;Q9D1H9;P01864;P03987;P06330"
"12971","statistics$`Cela1_vs_WT_Ttest_p`<0.05 & statistics$`log(Cela1/WT)`<1","GO_MF","30527","structural constituent of chromatin ",8,153,17,3024,4.57516339869281,0.562169312169312,9.07124385471207e-05,0.0175634769021007,8.13840830449827,"P15864;P62806;P68433;P84228;Q64523;Q8CGP5;Q9QZQ8;Q3THW5"
"12831","statistics$`Cela1_vs_WT_Ttest_p`<0.05 & statistics$`log(Cela1/WT)`<1","GO_MF","3735","structural constituent of ribosome ",15,153,79,3024,9.15032679738562,2.61243386243386,0.000108082934782158,0.0175634769021007,3.50260610573343,"P12970;P14148;P14869;P47911;P61358;P62751;Q9D8E6;P47963;P47964;P62855;P97461;P99027;Q6ZWV7;Q9CR57;Q9CZM2"
"1339","statistics$`Cela1_vs_WT_Ttest_p`<0.05","GO_MF","30527","structural constituent of chromatin ",8,158,17,3024,4.43037974683544,0.562169312169312,0.000110296564081282,0.0251825897425044,7.88086373790022,"P15864;P62806;P68433;P84228;Q64523;Q8CGP5;Q9QZQ8;Q3THW5"
"1325","statistics$`Cela1_vs_WT_Ttest_p`<0.05","GO_MF","3735","structural constituent of ribosome ",15,158,79,3024,8.86075949367089,2.61243386243386,0.000150793950553919,0.0251825897425044,3.39176414036212,"P12970;P14148;P14869;P47911;P61358;P62751;Q9D8E6;P47963;P47964;P62855;P97461;P99027;Q6ZWV7;Q9CR57;Q9CZM2"
"12312","statistics$`Cela1_vs_WT_Ttest_p`<0.05 & statistics$`log(Cela1/WT)`<1","GO_MF","3723","RNA binding ",24,153,205,3024,15.0326797385621,6.77910052910053,0.000543273529590642,0.0588546323723195,2.21750358680057,"O08583;O70194;O89086;P12970;P14148;P17225;P47911;P50580;P60335;Q61656;Q62093;Q8C2Q3;Q8R081;Q9CQT2;Q9CY58;Q9D8E6;Q9Z1Z2;Q9Z204;P47963;P62309;Q62189;Q9CR57;Q9CZM2;Q9CQE8"
"1270","statistics$`Cela1_vs_WT_Ttest_p`<0.05","GO_MF","3723","RNA binding ",24,158,205,3024,14.5569620253165,6.77910052910053,0.000753981966605468,0.0839433256154088,2.14732942266131,"O08583;O70194;O89086;P12970;P14148;P17225;P47911;P50580;P60335;Q61656;Q62093;Q8C2Q3;Q8R081;Q9CQT2;Q9CY58;Q9D8E6;Q9Z1Z2;Q9Z204;P47963;P62309;Q62189;Q9CR57;Q9CZM2;Q9CQE8"
"13139","statistics$`Cela1_vs_DKO_Ttest_p`<0.05 & statistics$`log(Cela1/DKO)`>1","GO_MF","4866","endopeptidase inhibitor activity ",3,7,18,3024,28.5714285714286,0.595238095238095,0.000851841597108933,0.0170368319421787,48,"P07758;P22599;Q00897"
"13330","statistics$`Cela1_vs_DKO_Ttest_p`<0.05 & statistics$`log(Cela1/DKO)`>1","GO_MF","4867","serine-type endopeptidase inhibitor activity ",3,7,30,3024,28.5714285714286,0.992063492063492,0.00219449142243299,0.0219449142243299,28.8,"P07758;P22599;Q00897"
"7947","statistics$`Cela1_vs_DKO_Ttest_p`<0.05 & statistics$`log(Cela1/DKO)`<1","GO_MF","34987","immunoglobulin receptor binding ",4,81,8,3024,3.7037037037037,0.264550264550265,0.00242669888834911,0.249949985499959,14,"P01872;P01837;P01878;P06330"
"10468","statistics$`AAT_vs_DKO_Ttest_p`<0.05 & statistics$`log(AAT/DKO)`<1","GO_MF","34987","immunoglobulin receptor binding ",4,83,8,3024,3.6144578313253,0.264550264550265,0.00259834692143742,0.279322294054523,13.6626506024096,"P01837;P01878;P03987;P06330"
"8936","statistics$`Cela1_vs_DKO_Ttest_p`<0.05","GO_MF","34987","immunoglobulin receptor binding ",4,88,8,3024,3.40909090909091,0.264550264550265,0.00305911983058053,0.328855381787407,12.8863636363636,"P01872;P01837;P01878;P06330"
"11396","statistics$`AAT_vs_DKO_Ttest_p`<0.05","GO_MF","34987","immunoglobulin receptor binding ",4,91,8,3024,3.2967032967033,0.264550264550265,0.00335770414480506,0.381099420435374,12.4615384615385,"P01837;P01878;P03987;P06330"
"13230","statistics$`Cela1_vs_DKO_Ttest_p`<0.05 & statistics$`log(Cela1/DKO)`>1","GO_MF","2020","protease binding ",3,7,48,3024,28.5714285714286,1.58730158730159,0.00531306128365562,0.0354204085577041,18,"P07758;P22599;Q00897"
"16316","statistics$`AAT_vs_WT_Ttest_p`<0.05 & statistics$`log(AAT/WT)`<1","GO_MF","3677","DNA binding ",17,180,127,3024,8.88888888888889,4.19973544973545,0.00771560096379983,1,2.11653543307087,"O35892;O54962;P09671;P10853;P15864;P43275;P62806;P68433;P84228;Q3TEA8;Q64523;Q7TNV0;Q8CCK0;Q8CGP5;Q9Z1X4;Q3THW5;Q62189"
"12351","statistics$`Cela1_vs_WT_Ttest_p`<0.05 & statistics$`log(Cela1/WT)`<1","GO_MF","3677","DNA binding ",15,153,127,3024,9.15032679738562,4.19973544973545,0.00781574273266212,0.635029097028797,2.17878647522001,"O35892;P14148;P15864;P17225;P30681;P42225;P62806;P68433;P84228;Q64523;Q6A028;Q8CGP5;Q9QZQ8;Q3THW5;Q62189"
"1690","statistics$`AAT_vs_WT_Ttest_p`<0.05","GO_MF","3677","DNA binding ",17,189,127,3024,8.46560846560847,4.19973544973545,0.0101751095245743,1,2.01574803149606,"O35892;O54962;P09671;P10853;P15864;P43275;P62806;P68433;P84228;Q3TEA8;Q64523;Q7TNV0;Q8CCK0;Q8CGP5;Q9Z1X4;Q3THW5;Q62189"
"12301","statistics$`Cela1_vs_WT_Ttest_p`<0.05 & statistics$`log(Cela1/WT)`<1","GO_MF","3729","mRNA binding ",13,153,104,3024,7.84313725490196,3.43915343915344,0.0118950356093226,0.773177314605967,2.28054298642534,"O08583;P14148;P17225;P47911;P60335;Q8C2Q3;Q8R081;Q91WJ8;Q9Z1Z2;Q9Z204;P62855;P97461;Q6ZWV7"
"1269","statistics$`Cela1_vs_WT_Ttest_p`<0.05","GO_MF","3729","mRNA binding ",13,158,104,3024,7.59493670886076,3.43915343915344,0.0137648612180453,0.746263687636161,2.20837390457644,"O08583;P14148;P17225;P47911;P60335;Q8C2Q3;Q8R081;Q91WJ8;Q9Z1Z2;Q9Z204;P62855;P97461;Q6ZWV7"
"1274","statistics$`Cela1_vs_WT_Ttest_p`<0.05","GO_MF","3677","DNA binding ",15,158,127,3024,8.86075949367089,4.19973544973545,0.0147524065378597,0.746263687636161,2.10983753613077,"O35892;P14148;P15864;P17225;P30681;P42225;P62806;P68433;P84228;Q64523;Q6A028;Q8CGP5;Q9QZQ8;Q3THW5;Q62189"
"105510","statistics$`AAT_vs_Cela1_Ttest_p`<0.05 & statistics$`log(AAT/Cela1)`<1","GO_MF","30527","structural constituent of chromatin ",4,88,17,3024,3.40909090909091,0.562169312169312,0.0175874499086167,1,6.06417112299465,"P10853;P68433;P84228;Q3TEA8"
"110411","statistics$`AAT_vs_Cela1_Ttest_p`<0.05","GO_MF","30527","structural constituent of chromatin ",4,96,17,3024,3.125,0.562169312169312,0.0220128464356959,1,5.55882352941177,"P10853;P68433;P84228;Q3TEA8"
"13981","statistics$`Cela1_vs_WT_Ttest_p`<0.05 & statistics$`log(Cela1/WT)`<1","GO_MF","43021","ribonucleoprotein complex binding ",5,153,19,3024,2.61437908496732,0.628306878306878,0.022377054193149,1,4.1609907120743,"P62137;Q61656;Q9Z204;P99027;Q6ZWV7"
"1440","statistics$`Cela1_vs_WT_Ttest_p`<0.05","GO_MF","43021","ribonucleoprotein complex binding ",5,158,19,3024,2.53164556962025,0.628306878306878,0.0247462215927422,1,4.02931379080613,"P62137;Q61656;Q9Z204;P99027;Q6ZWV7"
"9478","statistics$`AAT_vs_DKO_Ttest_p`<0.05","GO_MF","43167","ion binding ",3,91,7,3024,2.1978021978022,0.231481481481481,0.026588807899904,1,9.4945054945055,"O54865;P08228;Q9ERL9"
"99610","statistics$`AAT_vs_Cela1_Ttest_p`<0.05 & statistics$`log(AAT/Cela1)`<1","GO_MF","46982","protein heterodimerization activity ",7,88,77,3024,6.81818181818182,2.5462962962963,0.0284870460438466,1,2.67768595041322,"E9Q5C9;P10853;P68433;P84228;Q8VE37;Q9QYC0;Q9WV80"
"17023","statistics$`AAT_vs_WT_Ttest_p`<0.05 & statistics$`log(AAT/WT)`<1","GO_MF","46982","protein heterodimerization activity ",11,180,77,3024,5.55555555555556,2.5462962962963,0.0285153306391081,1,2.18181818181818,"P10853;P62806;P68433;P84228;Q61584;Q64523;Q8CCK0;Q8CGP5;Q9QYC0;Q9Z1F9;Q3THW5"
"17614","statistics$`AAT_vs_WT_Ttest_p`<0.05","GO_MF","46982","protein heterodimerization activity ",11,189,77,3024,5.29100529100529,2.5462962962963,0.0345332087622605,1,2.07792207792208,"P10853;P62806;P68433;P84228;Q61584;Q64523;Q8CCK0;Q8CGP5;Q9QYC0;Q9Z1F9;Q3THW5"
"104121","statistics$`AAT_vs_Cela1_Ttest_p`<0.05","GO_MF","46982","protein heterodimerization activity ",7,96,77,3024,6.25,2.5462962962963,0.0407807257488638,1,2.45454545454545,"E9Q5C9;P10853;P68433;P84228;Q8VE37;Q9QYC0;Q9WV80"
"13726","statistics$`DKO_vs_WT_Ttest_p`<0.05 & statistics$`log(DKO/WT)`<1","GO_MF","30527","structural constituent of chromatin ",4,130,17,3024,2.30769230769231,0.562169312169312,0.0467059710728131,1,4.10497737556561,"P68433;P84228;P84244;Q8CGP5"
"15491","statistics$`Cela1_vs_WT_Ttest_p`<0.05 & statistics$`log(Cela1/WT)`<1","KEGG_pathway","path:mmu05034","Alcoholism - Mus musculus (house mouse)",11,153,38,3024,6.5359477124183,1.25661375661376,6.72450250811692e-05,0.0128437997905033,5.20123839009288,"P62806;Q80SZ7;P84228;P32883;P62137;P31938;Q9QZQ8;P68433;Q8CGP5;Q64523;Q3THW5"
"1597","statistics$`Cela1_vs_WT_Ttest_p`<0.05","KEGG_pathway","path:mmu05034","Alcoholism - Mus musculus (house mouse)",11,158,38,3024,6.32911392405063,1.25661375661376,8.73733409975329e-05,0.0169504281535214,5.03664223850766,"P62806;Q80SZ7;P84228;P32883;P62137;P31938;Q9QZQ8;P68433;Q8CGP5;Q64523;Q3THW5"
"141001","statistics$`Cela1_vs_WT_Ttest_p`<0.05 & statistics$`log(Cela1/WT)`<1","KEGG_pathway","path:mmu03010","Ribosome - Mus musculus (house mouse)",14,153,70,3024,8.49673202614379,2.31481481481481,0.000127020568239,0.0241339079654101,3.67058823529412,"P14869;P61358;P47911;P14148;P97461;P62751;P47963;P12970;P62855;Q9CZM2;Q6ZWV7;Q9CR57;P99027;Q9D8E6"
"14100","statistics$`Cela1_vs_WT_Ttest_p`<0.05","KEGG_pathway","path:mmu03010","Ribosome - Mus musculus (house mouse)",14,158,70,3024,8.22784810126582,2.31481481481481,0.000173761352437647,0.0335359410204659,3.55443037974684,"P14869;P61358;P47911;P14148;P97461;P62751;P47963;P12970;P62855;Q9CZM2;Q6ZWV7;Q9CR57;P99027;Q9D8E6"
"19941","statistics$`AAT_vs_WT_Ttest_p`<0.05 & statistics$`log(AAT/WT)`<1","KEGG_pathway","path:mmu05034","Alcoholism - Mus musculus (house mouse)",11,180,38,3024,5.55555555555556,1.25661375661376,0.000246239947160137,0.046785589960426,4.42105263157895,"P62806;P18872;P84228;P62137;P63087;P68433;Q8CGP5;Q64523;P10853;Q8CCK0;Q3THW5"
"3100","statistics$`Cela1_vs_WT_Ttest_p`<0.05","KEGG_pathway","path:mmu05322","Systemic lupus erythematosus - Mus musculus (house mouse)",9,158,28,3024,5.06329113924051,0.925925925925926,0.000284766187187697,0.0546751079400379,5.46835443037975,"P62806;P21180;P01027;P84228;Q9QZQ8;P68433;Q8CGP5;Q64523;Q3THW5"
"11000","statistics$`AAT_vs_WT_Ttest_p`<0.05","KEGG_pathway","path:mmu05034","Alcoholism - Mus musculus (house mouse)",11,189,38,3024,5.29100529100529,1.25661375661376,0.000358938821854389,0.0692751926178971,4.21052631578947,"P62806;P18872;P84228;P62137;P63087;P68433;Q8CGP5;Q64523;P10853;Q8CCK0;Q3THW5"
"31002","statistics$`AAT_vs_WT_Ttest_p`<0.05","KEGG_pathway","path:mmu05322","Systemic lupus erythematosus - Mus musculus (house mouse)",9,189,28,3024,4.23280423280423,0.925925925925926,0.000898246478612104,0.171565077414912,4.57142857142857,"P62806;P21180;P84228;P68433;Q8CGP5;Q64523;P10853;Q8CCK0;Q3THW5"
"1598","statistics$`Cela1_vs_WT_Ttest_p`<0.05","KEGG_pathway","path:mmu05171","Coronavirus disease - COVID-19 - Mus musculus (house mouse)",16,158,109,3024,9.49367088607595,3.60449735449735,0.00100212910279997,0.191406658634794,2.6338404366508,"P14869;P21180;P01027;P61358;P47911;P14148;P97461;P62751;P47963;P12970;P62855;Q9CZM2;Q6ZWV7;Q9CR57;P99027;Q9D8E6"
"31001","statistics$`Cela1_vs_WT_Ttest_p`<0.05 & statistics$`log(Cela1/WT)`<1","KEGG_pathway","path:mmu05322","Systemic lupus erythematosus - Mus musculus (house mouse)",8,153,28,3024,4.57516339869281,0.925925925925926,0.00112618140844747,0.212848286196572,4.94117647058824,"P62806;P01027;P84228;Q9QZQ8;P68433;Q8CGP5;Q64523;Q3THW5"
"15501","statistics$`Cela1_vs_WT_Ttest_p`<0.05 & statistics$`log(Cela1/WT)`<1","KEGG_pathway","path:mmu05171","Coronavirus disease - COVID-19 - Mus musculus (house mouse)",15,153,109,3024,9.15032679738562,3.60449735449735,0.00199196179894873,0.374488818202362,2.53858607663249,"P14869;P01027;P61358;P47911;P14148;P97461;P62751;P47963;P12970;P62855;Q9CZM2;Q6ZWV7;Q9CR57;P99027;Q9D8E6"
"31003","statistics$`AAT_vs_WT_Ttest_p`<0.05 & statistics$`log(AAT/WT)`<1","KEGG_pathway","path:mmu05322","Systemic lupus erythematosus - Mus musculus (house mouse)",8,180,28,3024,3.88888888888889,0.925925925925926,0.0027617989190553,0.519218196782397,4.2,"P62806;P84228;P68433;Q8CGP5;Q64523;P10853;Q8CCK0;Q3THW5"
"17137","statistics$`Cela1_vs_DKO_Ttest_p`<0.05 & statistics$`log(Cela1/DKO)`>1","KEGG_pathway","path:mmu04610","Complement and coagulation cascades - Mus musculus (house mouse)",3,7,36,3024,28.5714285714286,1.19047619047619,0.00308978476872394,0.0834241887555464,24,"P07758;P22599;Q00897"
"21001","statistics$`Cela1_vs_WT_Ttest_p`<0.05 & statistics$`log(Cela1/WT)`<1","KEGG_pathway","path:mmu04613","Neutrophil extracellular trap formation - Mus musculus (house mouse)",10,153,60,3024,5.88235294117647,1.98412698412698,0.00521088070844742,0.974434692479667,2.96470588235294,"P62806;P01027;P84228;P63001;P31938;Q9QZQ8;P68433;Q8CGP5;Q64523;Q3THW5"
"2100","statistics$`Cela1_vs_WT_Ttest_p`<0.05","KEGG_pathway","path:mmu04613","Neutrophil extracellular trap formation - Mus musculus (house mouse)",10,158,60,3024,5.69620253164557,1.98412698412698,0.00636697382062578,1,2.87088607594937,"P62806;P01027;P84228;P63001;P31938;Q9QZQ8;P68433;Q8CGP5;Q64523;Q3THW5"
"33109","statistics$`AAT_vs_DKO_Ttest_p`<0.05 & statistics$`log(AAT/DKO)`<1","KEGG_pathway","path:mmu04921","Oxytocin signaling pathway - Mus musculus (house mouse)",6,83,46,3024,6.02409638554217,1.52116402116402,0.0107981910955328,1,3.96018858040859,"O08532;Q9DC51;P11881;P63087;O54865;Q9ERL9"
"34108","statistics$`AAT_vs_DKO_Ttest_p`<0.05","KEGG_pathway","path:mmu04921","Oxytocin signaling pathway - Mus musculus (house mouse)",6,91,46,3024,5.49450549450549,1.52116402116402,0.0155173782376129,1,3.61204013377926,"O08532;Q9DC51;P11881;P63087;O54865;Q9ERL9"
"45109","statistics$`AAT_vs_DKO_Ttest_p`<0.05 & statistics$`log(AAT/DKO)`<1","KEGG_pathway","path:mmu04924","Renin secretion - Mus musculus (house mouse)",4,83,20,3024,3.6144578313253,0.661375661375661,0.0221432725432023,1,5.46506024096385,"Q9DC51;P11881;O54865;Q9ERL9"
"21007","statistics$`Cela1_vs_DKO_Ttest_p`<0.05 & statistics$`log(Cela1/DKO)`<1","KEGG_pathway","path:mmu00970","Aminoacyl-tRNA biosynthesis - Mus musculus (house mouse)",4,81,21,3024,3.7037037037037,0.694444444444444,0.0233283350079978,1,5.33333333333333,"Q9D0R2;Q9Z1Q9;Q922B2;Q8BML9"
"13629","statistics$`Cela1_vs_DKO_Ttest_p`<0.05 & statistics$`log(Cela1/DKO)`>1","KEGG_pathway","path:mmu05415","Diabetic cardiomyopathy - Mus musculus (house mouse)",3,7,116,3024,28.5714285714286,3.83597883597884,0.0277616890815812,0.72180391612111,7.44827586206897,"E9Q401;Q9D6J5;Q9CPP6"
"59108","statistics$`AAT_vs_DKO_Ttest_p`<0.05","KEGG_pathway","path:mmu04924","Renin secretion - Mus musculus (house mouse)",4,91,20,3024,3.2967032967033,0.661375661375661,0.0279873525347721,1,4.98461538461538,"Q9DC51;P11881;O54865;Q9ERL9"
"21006","statistics$`Cela1_vs_DKO_Ttest_p`<0.05","KEGG_pathway","path:mmu00970","Aminoacyl-tRNA biosynthesis - Mus musculus (house mouse)",4,88,21,3024,3.40909090909091,0.694444444444444,0.0287960236844712,1,4.90909090909091,"Q9D0R2;Q9Z1Q9;Q922B2;Q8BML9"
"43109","statistics$`AAT_vs_DKO_Ttest_p`<0.05 & statistics$`log(AAT/DKO)`<1","KEGG_pathway","path:mmu04611","Platelet activation - Mus musculus (house mouse)",6,83,62,3024,6.02409638554217,2.05026455026455,0.0318873112569505,1,2.93820443062573,"Q9DC51;Q62469;P11881;P63087;O54865;Q9ERL9"
"41109","statistics$`AAT_vs_DKO_Ttest_p`<0.05 & statistics$`log(AAT/DKO)`<1","KEGG_pathway","path:mmu04730","Long-term depression - Mus musculus (house mouse)",4,83,24,3024,3.6144578313253,0.793650793650794,0.0338902751332404,1,4.55421686746988,"Q9DC51;P11881;O54865;Q9ERL9"
"51003","statistics$`AAT_vs_WT_Ttest_p`<0.05 & statistics$`log(AAT/WT)`<1","KEGG_pathway","path:mmu03010","Ribosome - Mus musculus (house mouse)",10,180,70,3024,5,2.31481481481481,0.0409832858750074,1,2.16,"Q6ZWU9;P61358;P41105;P62889;P47963;P12970;Q6ZWV7;Q9CR57;Q9D8E6;P62983"
"55108","statistics$`AAT_vs_DKO_Ttest_p`<0.05","KEGG_pathway","path:mmu04730","Long-term depression - Mus musculus (house mouse)",4,91,24,3024,3.2967032967033,0.793650793650794,0.0425270123693601,1,4.15384615384615,"Q9DC51;P11881;O54865;Q9ERL9"
"21026","statistics$`Cela1_vs_DKO_Ttest_p`<0.05 & statistics$`log(Cela1/DKO)`>1","KEGG_pathway","path:mmu05020","Prion disease - Mus musculus (house mouse)",3,7,149,3024,28.5714285714286,4.92724867724868,0.0438981775327826,1,5.7986577181208,"E9Q401;Q9D6J5;Q9CPP6"
"57108","statistics$`AAT_vs_DKO_Ttest_p`<0.05","KEGG_pathway","path:mmu04611","Platelet activation - Mus musculus (house mouse)",6,91,62,3024,5.49450549450549,2.05026455026455,0.0443927038217338,1,2.67990074441687,"Q9DC51;Q62469;P11881;P63087;O54865;Q9ERL9"
"51002","statistics$`AAT_vs_WT_Ttest_p`<0.05","KEGG_pathway","path:mmu03010","Ribosome - Mus musculus (house mouse)",10,189,70,3024,4.76190476190476,2.31481481481481,0.0480714323492274,1,2.05714285714286,"Q6ZWU9;P61358;P41105;P62889;P47963;P12970;Q6ZWV7;Q9CR57;Q9D8E6;P62983"
"28109","statistics$`AAT_vs_DKO_Ttest_p`<0.05 & statistics$`log(AAT/DKO)`<1","KEGG_pathway","path:mmu05412","Arrhythmogenic right ventricular cardiomyopathy - Mus musculus (house mouse)",4,83,28,3024,3.6144578313253,0.925925925925926,0.0482806376754155,1,3.90361445783133,"O08532;Q62469;Q62470;A2ARA8"
"77113","statistics$`AAT_vs_WT_Ttest_p`<0.05 & statistics$`log(AAT/WT)`<1","REACTOME_pathway","R-MMU-212300","PRC2 methylates histones and DNA",6,180,10,3024,3.33333333333333,0.330687830687831,0.00014447776689986,0.0270173424102738,10.08,"Q3THW5;Q8CGP5;P62806;Q64523;P10853;P84228;P68433"
"30413","statistics$`AAT_vs_WT_Ttest_p`<0.05 & statistics$`log(AAT/WT)`<1","REACTOME_pathway","R-MMU-8936459","RUNX1 regulates genes involved in megakaryocyte differentiation and platelet function",6,180,10,3024,3.33333333333333,0.330687830687831,0.00014447776689986,0.0270173424102738,10.08,"P68433;Q8CGP5;Q64523;P84228;Q3THW5;P62806;P10853"
"80112","statistics$`AAT_vs_WT_Ttest_p`<0.05","REACTOME_pathway","R-MMU-212300","PRC2 methylates histones and DNA",6,189,10,3024,3.17460317460317,0.330687830687831,0.000186681188394556,0.0355627663891629,9.6,"Q3THW5;Q8CGP5;P62806;Q64523;P10853;P84228;P68433"
"31012","statistics$`AAT_vs_WT_Ttest_p`<0.05","REACTOME_pathway","R-MMU-8936459","RUNX1 regulates genes involved in megakaryocyte differentiation and platelet function",6,189,10,3024,3.17460317460317,0.330687830687831,0.000186681188394556,0.0355627663891629,9.6,"P68433;Q8CGP5;Q64523;P84228;Q3THW5;P62806;P10853"
"23511","statistics$`Cela1_vs_WT_Ttest_p`<0.05 & statistics$`log(Cela1/WT)`<1","REACTOME_pathway","R-MMU-72689","Formation of a pool of free 40S subunits",14,153,84,3024,9.15032679738562,2.77777777777778,0.000192661738830045,0.0221039619622034,3.29411764705882,"P14148;P62751;P47964;P99027;P97461;P14869;Q9CZM2;Q9CR57;O70194;P62855;Q6ZWV7;Q9D8E6;P47963;P61358;P47911"
"46111","statistics$`Cela1_vs_WT_Ttest_p`<0.05 & statistics$`log(Cela1/WT)`<1","REACTOME_pathway","R-MMU-1799339","SRP-dependent cotranslational protein targeting to membrane",13,153,74,3024,8.49673202614379,2.44708994708995,0.00020771117379229,0.0221039619622034,3.47217806041335,"P14148;P99027;Q9CZM2;P97461;P61358;Q6ZWV7;P47964;P14869;P62751;Q9D8E6;Q9CR57;P62855;P47911;P47963"
"2371","statistics$`Cela1_vs_WT_Ttest_p`<0.05","REACTOME_pathway","R-MMU-72689","Formation of a pool of free 40S subunits",14,158,84,3024,8.86075949367089,2.77777777777778,0.000266874134066395,0.029920908592724,3.18987341772152,"P14148;P62751;P47964;P99027;P97461;P14869;Q9CZM2;Q9CR57;O70194;P62855;Q6ZWV7;Q9D8E6;P47963;P61358;P47911"
"4811","statistics$`Cela1_vs_WT_Ttest_p`<0.05","REACTOME_pathway","R-MMU-1799339","SRP-dependent cotranslational protein targeting to membrane",13,158,74,3024,8.22784810126582,2.44708994708995,0.000282530975957196,0.029920908592724,3.36229900786863,"P14148;P99027;Q9CZM2;P97461;P61358;Q6ZWV7;P47964;P14869;P62751;Q9D8E6;Q9CR57;P62855;P47911;P47963"
"31211","statistics$`Cela1_vs_WT_Ttest_p`<0.05 & statistics$`log(Cela1/WT)`<1","REACTOME_pathway","R-MMU-975956","Nonsense Mediated Decay (NMD) independent of the Exon Junction Complex (EJC)",13,153,78,3024,8.49673202614379,2.57936507936508,0.000328993700108887,0.0221039619622034,3.29411764705882,"Q6ZWV7;P62751;P61358;Q9D8E6;P47964;Q9CZM2;P14869;Q9CR57;P62855;P47911;P14148;P47963;P97461;P99027"
"21111","statistics$`Cela1_vs_WT_Ttest_p`<0.05 & statistics$`log(Cela1/WT)`<1","REACTOME_pathway","R-MMU-6791226","Major pathway of rRNA processing in the nucleolus and cytosol",13,153,80,3024,8.49673202614379,2.64550264550265,0.000409509350645167,0.0221039619622034,3.21176470588235,"P14148;Q9CR57;P97461;Q9CZM2;Q6ZWV7;P99027;P14869;P62751;P47964;P47911;P62855;P61358;P47963;Q9D8E6"
"3151","statistics$`Cela1_vs_WT_Ttest_p`<0.05","REACTOME_pathway","R-MMU-975956","Nonsense Mediated Decay (NMD) independent of the Exon Junction Complex (EJC)",13,158,78,3024,8.22784810126582,2.57936507936508,0.000444966316781516,0.029920908592724,3.18987341772152,"Q6ZWV7;P62751;P61358;Q9D8E6;P47964;Q9CZM2;P14869;Q9CR57;P62855;P47911;P14148;P47963;P97461;P99027"
"71111","statistics$`Cela1_vs_WT_Ttest_p`<0.05 & statistics$`log(Cela1/WT)`<1","REACTOME_pathway","R-MMU-212300","PRC2 methylates histones and DNA",5,153,10,3024,3.26797385620915,0.330687830687831,0.000492174192263794,0.0221039619622034,9.88235294117647,"Q3THW5;Q8CGP5;P62806;Q64523;P84228;P68433"
"25711","statistics$`Cela1_vs_WT_Ttest_p`<0.05 & statistics$`log(Cela1/WT)`<1","REACTOME_pathway","R-MMU-8936459","RUNX1 regulates genes involved in megakaryocyte differentiation and platelet function",5,153,10,3024,3.26797385620915,0.330687830687831,0.000492174192263794,0.0221039619622034,9.88235294117647,"P68433;Q8CGP5;Q64523;P84228;Q3THW5;P62806"
"26111","statistics$`Cela1_vs_WT_Ttest_p`<0.05 & statistics$`log(Cela1/WT)`<1","REACTOME_pathway","R-MMU-156827","L13a-mediated translational silencing of Ceruloplasmin expression",14,153,94,3024,9.15032679738562,3.10846560846561,0.000541867074086787,0.0221039619622034,2.94367959949937,"P14148;Q9D8E6;O70194;P61358;Q9CR57;P47964;P97461;P99027;Q9CZM2;P14869;P47963;P62751;Q6ZWV7;P62855;P47911"
"2131","statistics$`Cela1_vs_WT_Ttest_p`<0.05","REACTOME_pathway","R-MMU-6791226","Major pathway of rRNA processing in the nucleolus and cytosol",13,158,80,3024,8.22784810126582,2.64550264550265,0.000552296781523642,0.029920908592724,3.11012658227848,"P14148;Q9CR57;P97461;Q9CZM2;Q6ZWV7;P99027;P14869;P62751;P47964;P47911;P62855;P61358;P47963;Q9D8E6"
"7311","statistics$`Cela1_vs_WT_Ttest_p`<0.05","REACTOME_pathway","R-MMU-212300","PRC2 methylates histones and DNA",5,158,10,3024,3.16455696202532,0.330687830687831,0.000567349359819315,0.029920908592724,9.56962025316456,"Q3THW5;Q8CGP5;P62806;Q64523;P84228;P68433"
"2601","statistics$`Cela1_vs_WT_Ttest_p`<0.05","REACTOME_pathway","R-MMU-8936459","RUNX1 regulates genes involved in megakaryocyte differentiation and platelet function",5,158,10,3024,3.16455696202532,0.330687830687831,0.000567349359819315,0.029920908592724,9.56962025316456,"P68433;Q8CGP5;Q64523;P84228;Q3THW5;P62806"
"23811","statistics$`Cela1_vs_WT_Ttest_p`<0.05 & statistics$`log(Cela1/WT)`<1","REACTOME_pathway","R-MMU-72706","GTP hydrolysis and joining of the 60S ribosomal subunit",14,153,95,3024,9.15032679738562,3.14153439153439,0.000596121777414016,0.0221039619622034,2.91269349845201,"Q9CR57;Q9CZM2;P47963;P99027;P97461;Q6ZWV7;P14148;P47964;P62751;P62855;O70194;P14869;P61358;Q9D8E6;P47911"
"31311","statistics$`Cela1_vs_WT_Ttest_p`<0.05 & statistics$`log(Cela1/WT)`<1","REACTOME_pathway","R-MMU-975957","Nonsense Mediated Decay (NMD) enhanced by the Exon Junction Complex (EJC)",13,153,84,3024,8.49673202614379,2.77777777777778,0.000621673930186972,0.0221039619622034,3.05882352941176,"Q9D8E6;Q6ZWV7;P47964;P14869;P62751;P97461;P47963;P62855;P14148;P61358;P99027;Q9CR57;P47911;Q9CZM2"
"2611","statistics$`Cela1_vs_WT_Ttest_p`<0.05","REACTOME_pathway","R-MMU-156827","L13a-mediated translational silencing of Ceruloplasmin expression",14,158,94,3024,8.86075949367089,3.10846560846561,0.000739944257403895,0.029920908592724,2.8505251817937,"P14148;Q9D8E6;O70194;P61358;Q9CR57;P47964;P97461;P99027;Q9CZM2;P14869;P47963;P62751;Q6ZWV7;P62855;P47911"
"2401","statistics$`Cela1_vs_WT_Ttest_p`<0.05","REACTOME_pathway","R-MMU-72706","GTP hydrolysis and joining of the 60S ribosomal subunit",14,158,95,3024,8.86075949367089,3.14153439153439,0.00081287331377507,0.029920908592724,2.82051965356429,"Q9CR57;Q9CZM2;P47963;P99027;P97461;Q6ZWV7;P14148;P47964;P62751;P62855;O70194;P14869;P61358;Q9D8E6;P47911"
"3161","statistics$`Cela1_vs_WT_Ttest_p`<0.05","REACTOME_pathway","R-MMU-975957","Nonsense Mediated Decay (NMD) enhanced by the Exon Junction Complex (EJC)",13,158,84,3024,8.22784810126582,2.77777777777778,0.000833709527351443,0.029920908592724,2.9620253164557,"Q9D8E6;Q6ZWV7;P47964;P14869;P62751;P97461;P47963;P62855;P14148;P61358;P99027;Q9CR57;P47911;Q9CZM2"
"90113","statistics$`AAT_vs_WT_Ttest_p`<0.05 & statistics$`log(AAT/WT)`<1","REACTOME_pathway","R-MMU-2299718","Condensation of Prophase Chromosomes",4,180,6,3024,2.22222222222222,0.198412698412698,0.00154894207017966,0.193101444749064,11.2,"Q3THW5;Q64523;Q8CGP5;P62806;P10853"
"94112","statistics$`AAT_vs_WT_Ttest_p`<0.05","REACTOME_pathway","R-MMU-2299718","Condensation of Prophase Chromosomes",4,189,6,3024,2.11640211640212,0.198412698412698,0.00184029290306334,0.233717198689044,10.6666666666667,"Q3THW5;Q64523;Q8CGP5;P62806;P10853"
"79111","statistics$`Cela1_vs_WT_Ttest_p`<0.05 & statistics$`log(Cela1/WT)`<1","REACTOME_pathway","R-MMU-2424491","DAP12 signaling",5,153,18,3024,3.26797385620915,0.595238095238095,0.00403245746138899,0.129038638764448,5.49019607843137,"P32883;P32883;P63001;P63001;P01887;P01887"
"8111","statistics$`Cela1_vs_WT_Ttest_p`<0.05","REACTOME_pathway","R-MMU-2424491","DAP12 signaling",5,158,18,3024,3.16455696202532,0.595238095238095,0.00460177753582093,0.148637414407016,5.31645569620253,"P32883;P32883;P63001;P63001;P01887;P01887"
"33311","statistics$`AAT_vs_WT_Ttest_p`<0.05 & statistics$`log(AAT/WT)`<1","REACTOME_pathway","R-MMU-9018519","Estrogen-dependent gene expression",5,180,16,3024,2.77777777777778,0.529100529100529,0.00515417943336851,0.462403418062477,5.25,"P10853;P84228;P68433;P07901;Q61656;P62806"
"24013","statistics$`AAT_vs_WT_Ttest_p`<0.05 & statistics$`log(AAT/WT)`<1","REACTOME_pathway","R-MMU-606279","Deposition of new CENPA-containing nucleosomes at the centromere",4,180,10,3024,2.22222222222222,0.330687830687831,0.0061818638778406,0.462403418062477,6.72,"Q3THW5;Q64523;Q8CGP5;P62806;P10853"
"3391","statistics$`AAT_vs_WT_Ttest_p`<0.05","REACTOME_pathway","R-MMU-9018519","Estrogen-dependent gene expression",5,189,16,3024,2.64550264550265,0.529100529100529,0.00627220853257862,0.554865045889298,5,"P10853;P84228;P68433;P07901;Q61656;P62806"
"24412","statistics$`AAT_vs_WT_Ttest_p`<0.05","REACTOME_pathway","R-MMU-606279","Deposition of new CENPA-containing nucleosomes at the centromere",4,189,10,3024,2.11640211640212,0.330687830687831,0.00728169351560759,0.554865045889298,6.4,"Q3THW5;Q64523;Q8CGP5;P62806;P10853"
"78111","statistics$`Cela1_vs_WT_Ttest_p`<0.05 & statistics$`log(Cela1/WT)`<1","REACTOME_pathway","R-MMU-2299718","Condensation of Prophase Chromosomes",3,153,6,3024,1.96078431372549,0.198412698412698,0.00742416846099215,0.215975809774317,9.88235294117647,"Q3THW5;Q64523;Q8CGP5;P62806"
"8011","statistics$`Cela1_vs_WT_Ttest_p`<0.05","REACTOME_pathway","R-MMU-2299718","Condensation of Prophase Chromosomes",3,158,6,3024,1.89873417721519,0.198412698412698,0.00808663462055171,0.237452998403473,9.56962025316456,"Q3THW5;Q64523;Q8CGP5;P62806"
"421112","statistics$`AAT_vs_DKO_Ttest_p`<0.05 & statistics$`log(AAT/DKO)`<1","REACTOME_pathway","R-MMU-2129379","Molecules associated with elastic fibres",3,83,15,3024,3.6144578313253,0.496031746031746,0.0112275786664499,1,7.28674698795181,"P55002;A2ARA8;Q61554;Q9D1H9"
"91111","statistics$`Cela1_vs_WT_Ttest_p`<0.05 & statistics$`log(Cela1/WT)`<1","REACTOME_pathway","R-MMU-3214858","RMTs methylate histone arginines",4,153,15,3024,2.61437908496732,0.496031746031746,0.0113723256585849,0.303262017562263,5.27058823529412,"P62806;P84228;Q8CGP5;P68433;Q64523"
"9311","statistics$`Cela1_vs_WT_Ttest_p`<0.05","REACTOME_pathway","R-MMU-3214858","RMTs methylate histone arginines",4,158,15,3024,2.53164556962025,0.496031746031746,0.0126355581068874,0.340107105710387,5.10379746835443,"P62806;P84228;Q8CGP5;P68433;Q64523"
"441111","statistics$`AAT_vs_DKO_Ttest_p`<0.05","REACTOME_pathway","R-MMU-2129379","Molecules associated with elastic fibres",3,91,15,3024,3.2967032967033,0.496031746031746,0.0143210509143728,1,6.64615384615385,"P55002;A2ARA8;Q61554;Q9D1H9"
"60116","statistics$`DKO_vs_WT_Ttest_p`<0.05 & statistics$`log(DKO/WT)`<1","REACTOME_pathway","R-MMU-212300","PRC2 methylates histones and DNA",3,130,10,3024,2.30769230769231,0.330687830687831,0.0144467822193916,1,6.97846153846154,"P84244;Q8CGP5;P84228;P68433"
"191111","statistics$`DKO_vs_WT_Ttest_p`<0.05 & statistics$`log(DKO/WT)`<1","REACTOME_pathway","R-MMU-8936459","RUNX1 regulates genes involved in megakaryocyte differentiation and platelet function",3,130,10,3024,2.30769230769231,0.330687830687831,0.0144467822193916,1,6.97846153846154,"P84244;P68433;Q8CGP5;P84228"
"121212","statistics$`Cela1_vs_DKO_Ttest_p`<0.05 & statistics$`log(Cela1/DKO)`<1","REACTOME_pathway","R-MMU-156827","L13a-mediated translational silencing of Ceruloplasmin expression",7,81,94,3024,8.64197530864197,3.10846560846561,0.015128795847403,1,2.78014184397163,"P14148;P29341;O70194;P61358;Q9DCH4;P67984;P62267;P47911"
"33711","statistics$`AAT_vs_WT_Ttest_p`<0.05 & statistics$`log(AAT/WT)`<1","REACTOME_pathway","R-MMU-9035034","RHOF GTPase cycle",5,180,22,3024,2.77777777777778,0.727513227513227,0.0155565078496341,0.833922793543755,3.81818181818182,"Q9WTQ5;Q9DBJ3;Q9QYB5;Q8R2Y2;P63024;O70566"
"114113","statistics$`AAT_vs_WT_Ttest_p`<0.05 & statistics$`log(AAT/WT)`<1","REACTOME_pathway","R-MMU-3214847","HATs acetylate histones",3,180,7,3024,1.66666666666667,0.231481481481481,0.0156081806278243,0.833922793543755,7.2,"P10853;P68433;P84228;P62806"
"118112","statistics$`AAT_vs_WT_Ttest_p`<0.05","REACTOME_pathway","R-MMU-3214847","HATs acetylate histones",3,189,7,3024,1.58730158730159,0.231481481481481,0.0176774863183982,0.909718009274277,6.85714285714286,"P10853;P68433;P84228;P62806"
"3431","statistics$`AAT_vs_WT_Ttest_p`<0.05","REACTOME_pathway","R-MMU-9035034","RHOF GTPase cycle",5,189,22,3024,2.64550264550265,0.727513227513227,0.0186844207509148,0.909718009274277,3.63636363636364,"Q9WTQ5;Q9DBJ3;Q9QYB5;Q8R2Y2;P63024;O70566"
"115113","statistics$`AAT_vs_WT_Ttest_p`<0.05 & statistics$`log(AAT/WT)`<1","REACTOME_pathway","R-MMU-3214858","RMTs methylate histone arginines",4,180,15,3024,2.22222222222222,0.496031746031746,0.0192084779908538,0.897996346072414,4.48,"P62806;P84228;Q8CGP5;P68433;Q64523"
"149212","statistics$`AAT_vs_DKO_Ttest_p`<0.05 & statistics$`log(AAT/DKO)`<1","REACTOME_pathway","R-MMU-9013026","RHOB GTPase cycle",5,83,54,3024,6.02409638554217,1.78571428571429,0.0194969343957927,1,3.37349397590361,"Q5FWK3;Q5FWK3;Q8R2Y2;Q8R2Y2;P63024;P63024"
"65114","statistics$`DKO_vs_WT_Ttest_p`<0.05","REACTOME_pathway","R-MMU-212300","PRC2 methylates histones and DNA",3,147,10,3024,2.04081632653061,0.330687830687831,0.0198188340394903,1,6.17142857142857,"P84244;Q8CGP5;P84228;P68433"
"20418","statistics$`DKO_vs_WT_Ttest_p`<0.05","REACTOME_pathway","R-MMU-8936459","RUNX1 regulates genes involved in megakaryocyte differentiation and platelet function",3,147,10,3024,2.04081632653061,0.330687830687831,0.0198188340394903,1,6.17142857142857,"P84244;P68433;Q8CGP5;P84228"
"16228","statistics$`Cela1_vs_DKO_Ttest_p`<0.05 & statistics$`log(Cela1/DKO)`<1","REACTOME_pathway","R-MMU-975956","Nonsense Mediated Decay (NMD) independent of the Exon Junction Complex (EJC)",6,81,78,3024,7.40740740740741,2.57936507936508,0.0210583153371799,1,2.87179487179487,"P61358;Q3UYV9;P62267;P67984;P47911;P14148;P29341"
"20911","statistics$`Cela1_vs_WT_Ttest_p`<0.05 & statistics$`log(Cela1/WT)`<1","REACTOME_pathway","R-MMU-606279","Deposition of new CENPA-containing nucleosomes at the centromere",3,153,10,3024,1.96078431372549,0.330687830687831,0.021934784424419,0.539933155062621,5.92941176470588,"Q3THW5;Q64523;Q8CGP5;P62806"
"119112","statistics$`AAT_vs_WT_Ttest_p`<0.05","REACTOME_pathway","R-MMU-3214858","RMTs methylate histone arginines",4,189,15,3024,2.11640211640212,0.496031746031746,0.0223887598830179,0.909718009274277,4.26666666666667,"P62806;P84228;Q8CGP5;P68433;Q64523"
"131210","statistics$`Cela1_vs_DKO_Ttest_p`<0.05","REACTOME_pathway","R-MMU-156827","L13a-mediated translational silencing of Ceruloplasmin expression",7,88,94,3024,7.95454545454545,3.10846560846561,0.0227171524718968,1,2.55899419729207,"P14148;P29341;O70194;P61358;Q9DCH4;P67984;P62267;P47911"
"2111","statistics$`Cela1_vs_WT_Ttest_p`<0.05","REACTOME_pathway","R-MMU-606279","Deposition of new CENPA-containing nucleosomes at the centromere",3,158,10,3024,1.89873417721519,0.330687830687831,0.0237851734471372,0.590970078725023,5.74177215189873,"Q3THW5;Q64523;Q8CGP5;P62806"
"521114","statistics$`AAT_vs_Cela1_Ttest_p`<0.05 & statistics$`log(AAT/Cela1)`<1","REACTOME_pathway","R-MMU-3214847","HATs acetylate histones",2,88,7,3024,2.27272727272727,0.231481481481481,0.0250127908742773,1,9.81818181818182,"P10853;P68433;P84228"
"158210","statistics$`AAT_vs_DKO_Ttest_p`<0.05","REACTOME_pathway","R-MMU-9013026","RHOB GTPase cycle",5,91,54,3024,5.49450549450549,1.78571428571429,0.0275737984427831,1,3.07692307692308,"Q5FWK3;Q5FWK3;Q8R2Y2;Q8R2Y2;P63024;P63024"
"106210","statistics$`Cela1_vs_DKO_Ttest_p`<0.05 & statistics$`log(Cela1/DKO)`<1","REACTOME_pathway","R-MMU-72689","Formation of a pool of free 40S subunits",6,81,84,3024,7.40740740740741,2.77777777777778,0.0285196085362536,1,2.66666666666667,"P14148;O70194;P67984;Q9DCH4;P62267;P61358;P47911"
"16328","statistics$`Cela1_vs_DKO_Ttest_p`<0.05 & statistics$`log(Cela1/DKO)`<1","REACTOME_pathway","R-MMU-975957","Nonsense Mediated Decay (NMD) enhanced by the Exon Junction Complex (EJC)",6,81,84,3024,7.40740740740741,2.77777777777778,0.0285196085362536,1,2.66666666666667,"P62267;P14148;P29341;P61358;P47911;P67984;Q3UYV9"
"581113","statistics$`AAT_vs_Cela1_Ttest_p`<0.05","REACTOME_pathway","R-MMU-3214847","HATs acetylate histones",2,96,7,3024,2.08333333333333,0.231481481481481,0.029298395820139,1,9,"P10853;P68433;P84228"
"171210","statistics$`Cela1_vs_DKO_Ttest_p`<0.05","REACTOME_pathway","R-MMU-975956","Nonsense Mediated Decay (NMD) independent of the Exon Junction Complex (EJC)",6,88,78,3024,6.81818181818182,2.57936507936508,0.0300010639316976,1,2.64335664335664,"P61358;Q3UYV9;P62267;P67984;P47911;P14148;P29341"
"89111","statistics$`Cela1_vs_WT_Ttest_p`<0.05 & statistics$`log(Cela1/WT)`<1","REACTOME_pathway","R-MMU-3214842","HDMs demethylate histones",2,153,4,3024,1.30718954248366,0.132275132275132,0.0304150501207063,0.695201145616145,9.88235294117647,"P62806;P84228;P68433"
"9111","statistics$`Cela1_vs_WT_Ttest_p`<0.05","REACTOME_pathway","R-MMU-3214842","HDMs demethylate histones",2,158,4,3024,1.26582278481013,0.132275132275132,0.0322088136115673,0.743103342609732,9.56962025316456,"P62806;P84228;P68433"
"77116","statistics$`DKO_vs_WT_Ttest_p`<0.05 & statistics$`log(DKO/WT)`<1","REACTOME_pathway","R-MMU-3214858","RMTs methylate histone arginines",3,130,15,3024,2.30769230769231,0.496031746031746,0.0354814647487768,1,4.65230769230769,"O54941;P84228;Q8CGP5;P68433"
"11528","statistics$`Cela1_vs_DKO_Ttest_p`<0.05","REACTOME_pathway","R-MMU-72689","Formation of a pool of free 40S subunits",6,88,84,3024,6.81818181818182,2.77777777777778,0.0402012016047146,1,2.45454545454545,"P14148;O70194;P67984;Q9DCH4;P62267;P61358;P47911"
"17225","statistics$`Cela1_vs_DKO_Ttest_p`<0.05","REACTOME_pathway","R-MMU-975957","Nonsense Mediated Decay (NMD) enhanced by the Exon Junction Complex (EJC)",6,88,84,3024,6.81818181818182,2.77777777777778,0.0402012016047146,1,2.45454545454545,"P62267;P14148;P29341;P61358;P47911;P67984;Q3UYV9"
"113113","statistics$`AAT_vs_WT_Ttest_p`<0.05 & statistics$`log(AAT/WT)`<1","REACTOME_pathway","R-MMU-3214842","HDMs demethylate histones",2,180,4,3024,1.11111111111111,0.132275132275132,0.0405346079223532,0.993941283869183,8.4,"P62806;P84228;P68433"
"341115","statistics$`AAT_vs_Cela1_Ttest_p`<0.05 & statistics$`log(AAT/Cela1)`<1","REACTOME_pathway","R-MMU-212300","PRC2 methylates histones and DNA",2,88,10,3024,2.27272727272727,0.330687830687831,0.0434091229541965,1,6.87272727272727,"P10853;P84228;P68433"
"142214","statistics$`AAT_vs_Cela1_Ttest_p`<0.05 & statistics$`log(AAT/Cela1)`<1","REACTOME_pathway","R-MMU-8936459","RUNX1 regulates genes involved in megakaryocyte differentiation and platelet function",2,88,10,3024,2.27272727272727,0.330687830687831,0.0434091229541965,1,6.87272727272727,"P68433;P84228;P10853"
"117112","statistics$`AAT_vs_WT_Ttest_p`<0.05","REACTOME_pathway","R-MMU-3214842","HDMs demethylate histones",2,189,4,3024,1.05820105820106,0.132275132275132,0.0441311334255686,0.909718009274277,8,"P62806;P84228;P68433"
"109210","statistics$`Cela1_vs_DKO_Ttest_p`<0.05 & statistics$`log(Cela1/DKO)`<1","REACTOME_pathway","R-MMU-72706","GTP hydrolysis and joining of the 60S ribosomal subunit",6,81,95,3024,7.40740740740741,3.14153439153439,0.0463606530970135,1,2.3578947368421,"P62267;P67984;P14148;Q9DCH4;O70194;P61358;P47911"
"82114","statistics$`DKO_vs_WT_Ttest_p`<0.05","REACTOME_pathway","R-MMU-3214858","RMTs methylate histone arginines",3,147,15,3024,2.04081632653061,0.496031746031746,0.0477666795008108,1,4.11428571428571,"O54941;P84228;Q8CGP5;P68433"
"3251","statistics$`AAT_vs_WT_Ttest_p`<0.05","REACTOME_pathway","R-MMU-9013106","RHOC GTPase cycle",9,189,70,3024,4.76190476190476,2.31481481481481,0.0480714323492274,0.909718009274277,2.05714285714286,"P54116;P54116;Q8R2Y2;Q8R2Y2;Q5SSL4;Q5SSL4;P63024;P63024;O35658;O35658"
"150212","statistics$`AAT_vs_DKO_Ttest_p`<0.05 & statistics$`log(AAT/DKO)`<1","REACTOME_pathway","R-MMU-9013106","RHOC GTPase cycle",5,83,70,3024,6.02409638554217,2.31481481481481,0.0483522102903962,1,2.60240963855422,"Q5FWK3;Q5FWK3;Q8R2Y2;Q8R2Y2;P63024;P63024"
"3271","statistics$`AAT_vs_WT_Ttest_p`<0.05","REACTOME_pathway","R-MMU-9013149","RAC1 GTPase cycle",15,189,138,3024,7.93650793650794,4.56349206349206,0.0497293183605667,0.909718009274277,1.73913043478261,"P63001;P63001;Q8R2Y2;Q8R2Y2;P63024;P63024;Q9JLQ2;Q9JLQ2;Q5SSL4;Q5SSL4;Q8BUR4;Q8BUR4;Q9DBJ3;Q9DBJ3;P70392;P70392"
